image_name;user;rank;date_str
cropped_screenshot_1.png;;Linear;14/02/2020 1:15
cropped_screenshot_10.png;;Linear;14/02/2020 1:15
cropped_screenshot_100.png;;like;14/02/2020 1:15
cropped_screenshot_1000.png;;dislike;14/02/2020 1:15
cropped_screenshot_1001.png;;like;14/02/2020 1:16
cropped_screenshot_1002.png;;dislike;14/02/2020 1:16
cropped_screenshot_1003.png;;like;14/02/2020 1:16
cropped_screenshot_1004.png;;like;14/02/2020 1:16
cropped_screenshot_1005.png;;like;14/02/2020 1:16
cropped_screenshot_1006.png;;like;14/02/2020 1:16
cropped_screenshot_1007.png;;like;14/02/2020 1:16
cropped_screenshot_1008.png;;like;14/02/2020 1:16
cropped_screenshot_1009.png;;like;14/02/2020 1:16
cropped_screenshot_101.png;;like;14/02/2020 1:16
cropped_screenshot_1010.png;;like;14/02/2020 1:16
cropped_screenshot_1011.png;;super like;14/02/2020 1:16
cropped_screenshot_1012.png;;dislike;14/02/2020 1:16
cropped_screenshot_1013.png;;dislike;14/02/2020 1:16
cropped_screenshot_1014.png;;dislike;14/02/2020 1:16
cropped_screenshot_1015.png;;like;14/02/2020 1:17
cropped_screenshot_1016.png;;like;14/02/2020 1:17
cropped_screenshot_1017.png;;like;14/02/2020 1:17
cropped_screenshot_1018.png;;like;14/02/2020 1:17
cropped_screenshot_1019.png;;like;14/02/2020 1:17
cropped_screenshot_102.png;;like;14/02/2020 1:17
cropped_screenshot_2607.png;carlos;dislike;14/02/2020 1:20
cropped_screenshot_1139.png;carlos;dislike;14/02/2020 1:20
cropped_screenshot_825.png;carlos;dislike;14/02/2020 1:20
cropped_screenshot_778.png;carlos;dislike;14/02/2020 1:20
cropped_screenshot_2448.png;carlos;dislike;14/02/2020 1:20
cropped_screenshot_326.png;carlos;super like;14/02/2020 1:20
cropped_screenshot_1786.png;carlos;dislike;14/02/2020 1:20
cropped_screenshot_2958.png;carlos;like;14/02/2020 1:21
cropped_screenshot_1617.png;carlos;like;14/02/2020 1:21
cropped_screenshot_2659.png;carlos;super like;14/02/2020 1:21
cropped_screenshot_2554.png;carlos;like;14/02/2020 1:21
cropped_screenshot_226.png;carlos;like;14/02/2020 1:21
cropped_screenshot_2835.png;carlos;like;14/02/2020 1:21
cropped_screenshot_330.png;carlos;like;14/02/2020 1:21
cropped_screenshot_62.png;carlos;like;14/02/2020 1:21
cropped_screenshot_84.png;carlos;like;14/02/2020 1:21
cropped_screenshot_1138.png;carlos;like;14/02/2020 1:21
cropped_screenshot_2013.png;carlos;dislike;14/02/2020 1:21
cropped_screenshot_3099.png;carlos;like;14/02/2020 1:21
cropped_screenshot_2066.png;carlos;like;14/02/2020 1:21
cropped_screenshot_1792.png;carlos;like;14/02/2020 1:21
cropped_screenshot_21.png;carlos;like;14/02/2020 1:21
cropped_screenshot_2500.png;carlos;like;14/02/2020 1:21
cropped_screenshot_1396.png;carlos;like;14/02/2020 1:21
cropped_screenshot_2219.png;carlos;like;14/02/2020 1:21
cropped_screenshot_61.png;carlos;like;14/02/2020 1:21
cropped_screenshot_3023.png;carlos;dislike;14/02/2020 1:21
cropped_screenshot_2294.png;carlos;like;14/02/2020 1:21
cropped_screenshot_2273.png;carlos;like;14/02/2020 1:21
cropped_screenshot_1165.png;carlos;dislike;14/02/2020 1:21
cropped_screenshot_1182.png;;like;14/02/2020 1:23
cropped_screenshot_2786.png;;like;14/02/2020 1:23
cropped_screenshot_1060.png;;like;14/02/2020 1:23
cropped_screenshot_2464.png;;dislike;14/02/2020 1:24
cropped_screenshot_3046.png;;dislike;14/02/2020 1:24
cropped_screenshot_2293.png;;like;14/02/2020 1:24
cropped_screenshot_2526.png;;like;14/02/2020 1:24
cropped_screenshot_513.png;;like;14/02/2020 1:24
cropped_screenshot_3126.png;;like;14/02/2020 1:24
cropped_screenshot_2087.png;;like;14/02/2020 1:24
cropped_screenshot_765.png;;like;14/02/2020 1:24
cropped_screenshot_2811.png;;like;14/02/2020 1:24
cropped_screenshot_566.png;;like;14/02/2020 1:24
cropped_screenshot_991.png;;like;14/02/2020 1:24
cropped_screenshot_373.png;;like;14/02/2020 1:24
cropped_screenshot_1688.png;;like;14/02/2020 1:25
cropped_screenshot_2121.png;;like;14/02/2020 1:25
cropped_screenshot_2008.png;;dislike;14/02/2020 1:25
cropped_screenshot_1625.png;;dislike;14/02/2020 1:25
cropped_screenshot_461.png;;like;14/02/2020 1:25
cropped_screenshot_889.png;CARLOS;like;14/02/2020 01:27:38
cropped_screenshot_2761.png;CARLOS;dislike;14/02/2020 01:27:42
cropped_screenshot_767.png;CARLOS;like;14/02/2020 01:27:46
cropped_screenshot_2826.png;CARLOS;like;14/02/2020 01:27:47
cropped_screenshot_1970.png;CARLOS;like;14/02/2020 01:27:49
cropped_screenshot_645.png;CARLOS;like;14/02/2020 01:27:50
cropped_screenshot_2267.png;CARLOS;like;14/02/2020 01:27:51
cropped_screenshot_2734.png;CARLOS;dislike;14/02/2020 01:27:54
cropped_screenshot_1407.png;CARLOS;like;14/02/2020 01:27:58
cropped_screenshot_19.png;CARLOS;like;14/02/2020 01:27:59
cropped_screenshot_3084.png;CARLOS;like;14/02/2020 01:28:01
cropped_screenshot_1510.png;CARLOS;like;14/02/2020 01:28:05
cropped_screenshot_2865.png;CARLOS;like;14/02/2020 01:28:07
cropped_screenshot_2407.png;CARLOS;dislike;14/02/2020 01:28:09
cropped_screenshot_1429.png;CARLOS;like;14/02/2020 01:28:12
cropped_screenshot_594.png;CARLOS;like;14/02/2020 01:28:13
cropped_screenshot_1064.png;CARLOS;like;14/02/2020 01:28:16
cropped_screenshot_2447.png;CARLOS;dislike;14/02/2020 01:28:19
cropped_screenshot_1027.png;CARLOS;like;14/02/2020 01:28:22
cropped_screenshot_313.png;CARLOS;dislike;14/02/2020 01:28:26
cropped_screenshot_2760.png;CARLOS;dislike;14/02/2020 01:29:03
cropped_screenshot_3060.png;CARLOS;dislike;14/02/2020 01:29:05
cropped_screenshot_755.png;CARLOS;like;14/02/2020 01:29:07
cropped_screenshot_289.png;CARLOS;like;14/02/2020 01:29:09
cropped_screenshot_2789.png;CARLOS;like;14/02/2020 01:29:11
cropped_screenshot_1236.png;CARLOS;like;14/02/2020 01:29:12
cropped_screenshot_2874.png;CARLOS;like;14/02/2020 01:29:14
cropped_screenshot_3090.png;CARLOS;like;14/02/2020 01:29:15
cropped_screenshot_1525.png;CARLOS;like;14/02/2020 01:29:17
cropped_screenshot_2438.png;CARLOS;dislike;14/02/2020 01:29:20
cropped_screenshot_810.png;CARLOS;like;14/02/2020 01:29:24
cropped_screenshot_1371.png;CARLOS;dislike;14/02/2020 01:29:27
cropped_screenshot_362.png;CARLOS;like;14/02/2020 01:29:31
cropped_screenshot_1283.png;CARLOS;like;14/02/2020 01:29:33
cropped_screenshot_315.png;CARLOS;like;14/02/2020 01:29:35
cropped_screenshot_1608.png;CARLOS;like;14/02/2020 01:29:37
cropped_screenshot_1804.png;CARLOS;like;14/02/2020 01:29:38
cropped_screenshot_2338.png;CARLOS;like;14/02/2020 01:29:39
cropped_screenshot_1711.png;CARLOS;like;14/02/2020 01:29:41
cropped_screenshot_1423.png;CARLOS;like;14/02/2020 01:29:42
cropped_screenshot_3105.png;CARLOS;like;14/02/2020 01:29:44
cropped_screenshot_1623.png;CARLOS;like;14/02/2020 01:29:46
cropped_screenshot_2721.png;CARLOS;like;14/02/2020 01:29:47
cropped_screenshot_278.png;CARLOS;like;14/02/2020 01:29:49
cropped_screenshot_1445.png;CARLOS;dislike;14/02/2020 01:29:51
cropped_screenshot_1265.png;CARLOS;like;14/02/2020 01:29:54
cropped_screenshot_199.png;CARLOS;like;14/02/2020 01:30:08
cropped_screenshot_334.png;CARLOS;like;14/02/2020 01:30:10
cropped_screenshot_750.png;CARLOS;like;14/02/2020 01:30:12
cropped_screenshot_1909.png;CARLOS;dislike;14/02/2020 01:30:14
cropped_screenshot_2732.png;CARLOS;dislike;14/02/2020 01:30:20
cropped_screenshot_2574.png;CARLOS;like;14/02/2020 01:30:23
cropped_screenshot_3166.png;CARLOS;like;14/02/2020 01:30:25
cropped_screenshot_1827.png;CARLOS;like;14/02/2020 01:30:26
cropped_screenshot_1769.png;CARLOS;like;14/02/2020 01:30:28
cropped_screenshot_1122.png;CARLOS;like;14/02/2020 01:30:29
cropped_screenshot_833.png;CARLOS;like;14/02/2020 01:30:38
cropped_screenshot_871.png;CARLOS;like;14/02/2020 01:30:39
cropped_screenshot_3014.png;CARLOS;like;14/02/2020 01:30:41
cropped_screenshot_1882.png;CARLOS;dislike;14/02/2020 01:30:44
cropped_screenshot_658.png;CARLOS;dislike;14/02/2020 01:30:51
cropped_screenshot_1659.png;CARLOS;like;14/02/2020 01:30:53
cropped_screenshot_698.png;CARLOS;like;14/02/2020 01:30:54
cropped_screenshot_3025.png;CARLOS;dislike;14/02/2020 01:30:57
cropped_screenshot_2878.png;CARLOS;like;14/02/2020 01:31:00
cropped_screenshot_1112.png;CARLOS;like;14/02/2020 01:31:01
cropped_screenshot_2715.png;CARLOS;dislike;14/02/2020 01:31:04
cropped_screenshot_5.png;CARLOS;like;14/02/2020 01:31:07
cropped_screenshot_650.png;CARLOS;like;14/02/2020 01:31:09
cropped_screenshot_2474.png;CARLOS;like;14/02/2020 01:31:10
cropped_screenshot_1559.png;CARLOS;dislike;14/02/2020 01:31:14
cropped_screenshot_1161.png;CARLOS;dislike;14/02/2020 01:31:16
cropped_screenshot_3169.png;CARLOS;like;14/02/2020 01:31:19
cropped_screenshot_1468.png;CARLOS;dislike;14/02/2020 01:31:21
cropped_screenshot_913.png;CARLOS;like;14/02/2020 01:31:25
cropped_screenshot_1163.png;CARLOS;like;14/02/2020 01:31:27
cropped_screenshot_1028.png;CARLOS;like;14/02/2020 01:31:28
cropped_screenshot_1465.png;CARLOS;like;14/02/2020 01:31:30
cropped_screenshot_2561.png;CARLOS;like;14/02/2020 01:31:31
cropped_screenshot_1069.png;CARLOS;like;14/02/2020 01:31:33
cropped_screenshot_3127.png;CARLOS;dislike;14/02/2020 01:31:36
cropped_screenshot_308.png;CARLOS;dislike;14/02/2020 01:31:38
cropped_screenshot_2094.png;CARLOS;like;14/02/2020 01:31:42
cropped_screenshot_811.png;CARLOS;like;14/02/2020 01:31:43
cropped_screenshot_466.png;CARLOS;like;14/02/2020 01:31:45
cropped_screenshot_1365.png;CARLOS;like;14/02/2020 01:31:47
cropped_screenshot_2726.png;CARLOS;like;14/02/2020 01:31:50
cropped_screenshot_715.png;CARLOS;like;14/02/2020 01:31:52
cropped_screenshot_1911.png;CARLOS;like;14/02/2020 01:31:53
cropped_screenshot_245.png;CARLOS;like;14/02/2020 01:31:57
cropped_screenshot_751.png;CARLOS;like;14/02/2020 01:31:59
cropped_screenshot_954.png;CARLOS;like;14/02/2020 01:32:01
cropped_screenshot_1443.png;CARLOS;like;14/02/2020 01:32:03
cropped_screenshot_2883.png;CARLOS;like;14/02/2020 01:32:04
cropped_screenshot_2207.png;CARLOS;like;14/02/2020 01:32:06
cropped_screenshot_1990.png;CARLOS;dislike;14/02/2020 01:32:09
cropped_screenshot_2820.png;CARLOS;like;14/02/2020 01:32:11
cropped_screenshot_1179.png;CARLOS;like;14/02/2020 01:32:18
cropped_screenshot_933.png;CARLOS;like;14/02/2020 01:32:21
cropped_screenshot_1320.png;CARLOS;like;14/02/2020 01:32:24
cropped_screenshot_1020.png;;like;14/02/2020 01:33:06
cropped_screenshot_1021.png;;like;14/02/2020 01:33:08
cropped_screenshot_1022.png;;like;14/02/2020 01:33:09
cropped_screenshot_1023.png;;like;14/02/2020 01:33:12
cropped_screenshot_1024.png;;like;14/02/2020 01:33:15
cropped_screenshot_1025.png;;like;14/02/2020 01:33:18
cropped_screenshot_1026.png;;like;14/02/2020 01:33:21
cropped_screenshot_1029.png;;like;14/02/2020 01:33:22
cropped_screenshot_103.png;;like;14/02/2020 01:33:24
cropped_screenshot_1030.png;;like;14/02/2020 01:33:27
cropped_screenshot_1031.png;;Linear;14/02/2020 01:33:51
cropped_screenshot_1031.png;;like;14/02/2020 01:34:06
cropped_screenshot_1032.png;;like;14/02/2020 01:34:08
cropped_screenshot_1033.png;;like;14/02/2020 01:34:09
cropped_screenshot_1034.png;;dislike;14/02/2020 01:34:12
cropped_screenshot_1035.png;;like;14/02/2020 01:34:32
cropped_screenshot_1036.png;;like;14/02/2020 01:34:33
cropped_screenshot_1037.png;;like;14/02/2020 01:34:35
cropped_screenshot_1038.png;;like;14/02/2020 01:34:39
cropped_screenshot_1039.png;;like;14/02/2020 01:34:41
cropped_screenshot_104.png;;like;14/02/2020 01:41:46
cropped_screenshot_1040.png;;like;14/02/2020 01:41:47
cropped_screenshot_1041.png;;like;14/02/2020 01:41:49
cropped_screenshot_1042.png;;like;14/02/2020 01:41:50
cropped_screenshot_1043.png;;like;14/02/2020 01:41:51
cropped_screenshot_1044.png;;dislike;14/02/2020 01:41:55
cropped_screenshot_1045.png;;dislike;14/02/2020 01:57:40
cropped_screenshot_1046.png;;like;14/02/2020 01:57:43
cropped_screenshot_1047.png;;dislike;14/02/2020 01:57:46
cropped_screenshot_1048.png;;dislike;14/02/2020 01:57:48
cropped_screenshot_1049.png;;like;14/02/2020 01:57:59
cropped_screenshot_105.png;;like;14/02/2020 01:58:03
cropped_screenshot_1050.png;;like;14/02/2020 01:58:07
cropped_screenshot_1051.png;;dislike;14/02/2020 01:58:10
cropped_screenshot_1052.png;;like;14/02/2020 01:58:13
cropped_screenshot_1053.png;;like;14/02/2020 01:58:14
cropped_screenshot_1054.png;;like;14/02/2020 01:58:16
cropped_screenshot_1055.png;;like;14/02/2020 01:58:18
cropped_screenshot_1056.png;;like;14/02/2020 01:58:28
cropped_screenshot_1057.png;;like;14/02/2020 01:58:29
cropped_screenshot_1058.png;;like;14/02/2020 01:58:31
cropped_screenshot_1059.png;;like;14/02/2020 01:58:32
cropped_screenshot_106.png;;like;14/02/2020 01:58:33
cropped_screenshot_1061.png;;like;14/02/2020 01:58:35
cropped_screenshot_1062.png;;like;14/02/2020 01:58:37
cropped_screenshot_1063.png;;like;14/02/2020 01:58:39
cropped_screenshot_1065.png;;like;14/02/2020 01:58:42
cropped_screenshot_1066.png;;like;14/02/2020 01:58:43
cropped_screenshot_1067.png;;like;14/02/2020 01:58:44
cropped_screenshot_1068.png;;like;14/02/2020 01:58:46
cropped_screenshot_107.png;;like;14/02/2020 01:58:48
cropped_screenshot_1070.png;;like;14/02/2020 01:58:49
cropped_screenshot_1071.png;;dislike;14/02/2020 01:58:51
cropped_screenshot_1072.png;;dislike;14/02/2020 01:58:53
cropped_screenshot_1073.png;;like;14/02/2020 01:58:56
cropped_screenshot_1074.png;;like;14/02/2020 01:58:57
cropped_screenshot_1075.png;;like;14/02/2020 01:59:00
cropped_screenshot_1076.png;;like;14/02/2020 01:59:01
cropped_screenshot_1077.png;;like;14/02/2020 01:59:03
cropped_screenshot_1078.png;;super like;14/02/2020 01:59:05
cropped_screenshot_1079.png;;like;14/02/2020 01:59:08
cropped_screenshot_108.png;;like;14/02/2020 01:59:10
cropped_screenshot_1080.png;;like;14/02/2020 01:59:11
cropped_screenshot_1081.png;;like;14/02/2020 01:59:12
cropped_screenshot_1082.png;;like;14/02/2020 01:59:14
cropped_screenshot_1083.png;;like;14/02/2020 01:59:15
cropped_screenshot_1084.png;;like;14/02/2020 01:59:18
cropped_screenshot_1085.png;;like;14/02/2020 01:59:23
cropped_screenshot_1086.png;;like;14/02/2020 01:59:25
cropped_screenshot_1087.png;cepm;like;14/02/2020 01:59:34
cropped_screenshot_1088.png;cepm;like;14/02/2020 01:59:36
cropped_screenshot_1089.png;cepm;like;14/02/2020 01:59:38
cropped_screenshot_109.png;cepm;like;14/02/2020 01:59:39
cropped_screenshot_1090.png;cepm;like;14/02/2020 01:59:41
cropped_screenshot_1091.png;cepm;like;14/02/2020 01:59:42
cropped_screenshot_1092.png;cepm;like;14/02/2020 02:00:02
cropped_screenshot_1093.png;cepm;like;14/02/2020 02:00:04
cropped_screenshot_1094.png;cepm;like;14/02/2020 02:00:05
cropped_screenshot_1095.png;cepm;dislike;14/02/2020 02:01:47
cropped_screenshot_1096.png;cepm;dislike;14/02/2020 02:01:48
cropped_screenshot_1097.png;cepm;like;14/02/2020 02:01:51
cropped_screenshot_1098.png;cepm;like;14/02/2020 02:01:53
cropped_screenshot_1099.png;cepm;like;14/02/2020 02:01:57
cropped_screenshot_11.png;cepm;like;14/02/2020 02:02:01
cropped_screenshot_110.png;cepm;like;14/02/2020 02:02:03
cropped_screenshot_1100.png;cepm;like;14/02/2020 02:02:07
cropped_screenshot_1101.png;cepm;like;14/02/2020 02:02:09
cropped_screenshot_1102.png;cepm;like;14/02/2020 02:02:10
cropped_screenshot_1103.png;cepm;like;14/02/2020 02:02:12
cropped_screenshot_1104.png;cepm;like;14/02/2020 02:02:24
cropped_screenshot_1104.png;;Linear;14/02/2020 02:02:31
cropped_screenshot_1105.png;cepm;like;14/02/2020 02:02:38
cropped_screenshot_1106.png;cepm;dislike;14/02/2020 02:02:44
cropped_screenshot_1107.png;cepm;dislike;14/02/2020 02:02:46
cropped_screenshot_1108.png;cepm;like;14/02/2020 02:02:50
cropped_screenshot_1109.png;cepm;like;14/02/2020 02:02:51
cropped_screenshot_111.png;cepm;like;14/02/2020 02:02:52
cropped_screenshot_1110.png;cepm;like;14/02/2020 02:02:54
cropped_screenshot_1111.png;cepm;like;14/02/2020 02:04:24
cropped_screenshot_1113.png;cepm;like;14/02/2020 02:04:29
cropped_screenshot_1114.png;cepm;like;14/02/2020 02:04:30
cropped_screenshot_1115.png;cepm;like;14/02/2020 02:04:32
cropped_screenshot_1116.png;cepm;like;14/02/2020 02:04:37
cropped_screenshot_1117.png;cepm;like;14/02/2020 02:10:19
cropped_screenshot_1118.png;cepm;like;14/02/2020 02:10:20
cropped_screenshot_1119.png;cepm;like;14/02/2020 02:10:21
cropped_screenshot_112.png;cepm;like;14/02/2020 02:10:23
cropped_screenshot_1120.png;cepm;like;14/02/2020 02:10:24
cropped_screenshot_1121.png;cepm;dislike;14/02/2020 02:10:27
cropped_screenshot_1123.png;cepm;dislike;14/02/2020 02:10:28
cropped_screenshot_1123.png;cepm;like;14/02/2020 02:10:35
cropped_screenshot_1124.png;cepm;like;14/02/2020 02:10:36
cropped_screenshot_1125.png;cepm;like;14/02/2020 02:10:37
cropped_screenshot_1126.png;cepm;like;14/02/2020 02:10:38
cropped_screenshot_1127.png;cepm;like;14/02/2020 02:10:41
cropped_screenshot_1128.png;cepm;like;14/02/2020 02:10:43
cropped_screenshot_1129.png;cepm;like;14/02/2020 02:10:44
cropped_screenshot_113.png;cepm;like;14/02/2020 02:10:49
cropped_screenshot_1130.png;cepm;like;14/02/2020 02:10:51
cropped_screenshot_1131.png;cepm;like;14/02/2020 02:10:52
cropped_screenshot_1132.png;cepm;like;14/02/2020 02:10:53
cropped_screenshot_1133.png;cepm;like;14/02/2020 02:10:55
cropped_screenshot_1134.png;cepm;like;14/02/2020 02:10:58
cropped_screenshot_1135.png;cepm;dislike;14/02/2020 02:11:01
cropped_screenshot_1136.png;cepm;like;14/02/2020 02:11:04
cropped_screenshot_1137.png;cepm;like;14/02/2020 02:11:06
cropped_screenshot_114.png;cepm;like;14/02/2020 02:11:07
cropped_screenshot_1140.png;cepm;dislike;14/02/2020 02:11:12
cropped_screenshot_1141.png;cepm;like;14/02/2020 02:11:16
cropped_screenshot_1142.png;cepm;like;14/02/2020 02:11:18
cropped_screenshot_1143.png;cepm;like;14/02/2020 02:11:20
cropped_screenshot_1144.png;cepm;like;14/02/2020 02:11:21
cropped_screenshot_1145.png;cepm;like;14/02/2020 02:11:22
cropped_screenshot_1146.png;cepm;like;14/02/2020 02:11:24
cropped_screenshot_1147.png;cepm;like;14/02/2020 02:11:25
cropped_screenshot_1148.png;cepm;like;14/02/2020 02:11:26
cropped_screenshot_1149.png;cepm;like;14/02/2020 02:11:28
cropped_screenshot_115.png;cepm;like;14/02/2020 02:11:29
cropped_screenshot_1150.png;cepm;like;14/02/2020 02:11:31
cropped_screenshot_1151.png;cepm;like;14/02/2020 02:11:32
cropped_screenshot_1152.png;cepm;like;14/02/2020 02:11:33
cropped_screenshot_1153.png;cepm;like;14/02/2020 02:11:34
cropped_screenshot_1154.png;cepm;like;14/02/2020 02:11:35
cropped_screenshot_1155.png;cepm;like;14/02/2020 02:11:37
cropped_screenshot_1156.png;cepm;like;14/02/2020 02:11:39
cropped_screenshot_1157.png;cepm;like;14/02/2020 02:11:40
cropped_screenshot_1158.png;cepm;like;14/02/2020 02:11:41
cropped_screenshot_1159.png;cepm;like;14/02/2020 02:11:42
cropped_screenshot_116.png;cepm;like;14/02/2020 02:11:43
cropped_screenshot_1160.png;cepm;like;14/02/2020 02:11:45
cropped_screenshot_1162.png;cepm;dislike;14/02/2020 02:11:49
cropped_screenshot_1164.png;cepm;dislike;14/02/2020 02:11:51
cropped_screenshot_1166.png;cepm;dislike;14/02/2020 02:11:54
cropped_screenshot_1167.png;cepm;dislike;14/02/2020 02:11:56
cropped_screenshot_1168.png;cepm;like;14/02/2020 02:12:00
cropped_screenshot_1169.png;cepm;like;14/02/2020 02:12:01
cropped_screenshot_117.png;cepm;like;14/02/2020 02:12:02
cropped_screenshot_1170.png;cepm;like;14/02/2020 02:12:03
cropped_screenshot_1171.png;cepm;like;14/02/2020 02:12:04
cropped_screenshot_1172.png;cepm;dislike;14/02/2020 02:12:08
cropped_screenshot_1173.png;cepm;like;14/02/2020 02:12:11
cropped_screenshot_1174.png;cepm;like;14/02/2020 02:12:12
cropped_screenshot_1175.png;cepm;like;14/02/2020 02:12:14
cropped_screenshot_1176.png;cepm;dislike;14/02/2020 02:12:18
cropped_screenshot_1177.png;cepm;super like;14/02/2020 02:12:25
cropped_screenshot_1178.png;cepm;like;14/02/2020 02:12:29
cropped_screenshot_118.png;cepm;like;14/02/2020 02:12:30
cropped_screenshot_1180.png;cepm;like;14/02/2020 02:12:31
cropped_screenshot_1181.png;cepm;like;14/02/2020 02:12:33
cropped_screenshot_1183.png;cepm;like;14/02/2020 02:12:34
cropped_screenshot_1184.png;cepm;like;14/02/2020 02:12:35
cropped_screenshot_1185.png;cepm;like;14/02/2020 02:12:37
cropped_screenshot_1185.png;cepm;dislike;14/02/2020 02:12:43
cropped_screenshot_1186.png;cepm;like;14/02/2020 02:12:47
cropped_screenshot_1187.png;cepm;like;14/02/2020 02:12:50
cropped_screenshot_1188.png;cepm;like;14/02/2020 02:12:52
cropped_screenshot_1189.png;cepm;like;14/02/2020 02:12:55
cropped_screenshot_119.png;cepm;like;14/02/2020 02:12:57
cropped_screenshot_1190.png;cepm;like;14/02/2020 02:13:03
cropped_screenshot_1191.png;cepm;like;14/02/2020 02:13:04
cropped_screenshot_1192.png;cepm;dislike;14/02/2020 02:13:07
cropped_screenshot_1193.png;cepm;dislike;14/02/2020 02:13:09
cropped_screenshot_1194.png;cepm;dislike;14/02/2020 02:13:10
cropped_screenshot_1195.png;cepm;dislike;14/02/2020 02:13:12
cropped_screenshot_1193.png;cepm;dislike;14/02/2020 02:13:18
cropped_screenshot_1194.png;cepm;like;14/02/2020 02:13:21
cropped_screenshot_1195.png;cepm;like;14/02/2020 02:13:30
cropped_screenshot_1196.png;cepm;like;14/02/2020 02:13:31
cropped_screenshot_1197.png;cepm;dislike;14/02/2020 02:13:36
cropped_screenshot_1198.png;cepm;like;14/02/2020 02:13:40
cropped_screenshot_1199.png;cepm;like;14/02/2020 02:13:41
cropped_screenshot_12.png;cepm;like;14/02/2020 02:13:42
cropped_screenshot_120.png;cepm;like;14/02/2020 02:13:44
cropped_screenshot_120.png;cepm;dislike;14/02/2020 02:13:50
cropped_screenshot_1200.png;cepm;like;14/02/2020 02:13:53
cropped_screenshot_1201.png;cepm;like;14/02/2020 02:13:54
cropped_screenshot_1202.png;cepm;dislike;14/02/2020 02:13:57
cropped_screenshot_1203.png;cepm;like;14/02/2020 02:14:00
cropped_screenshot_1204.png;cepm;like;14/02/2020 02:14:01
cropped_screenshot_1205.png;cepm;like;14/02/2020 02:14:05
cropped_screenshot_1206.png;cepm;dislike;14/02/2020 02:14:07
cropped_screenshot_1207.png;cepm;like;14/02/2020 02:14:10
cropped_screenshot_1208.png;cepm;like;14/02/2020 02:14:12
cropped_screenshot_1209.png;cepm;like;14/02/2020 02:14:14
cropped_screenshot_121.png;cepm;like;14/02/2020 02:14:16
cropped_screenshot_1210.png;cepm;like;14/02/2020 02:14:17
cropped_screenshot_1211.png;cepm;dislike;14/02/2020 02:14:20
cropped_screenshot_1212.png;cepm;like;14/02/2020 02:14:23
cropped_screenshot_1213.png;cepm;like;14/02/2020 02:14:25
cropped_screenshot_1214.png;cepm;like;14/02/2020 02:14:26
cropped_screenshot_1215.png;cepm;like;14/02/2020 02:14:29
cropped_screenshot_1216.png;cepm;like;14/02/2020 02:14:30
cropped_screenshot_1217.png;cepm;like;14/02/2020 02:14:32
cropped_screenshot_1218.png;cepm;like;14/02/2020 02:14:34
cropped_screenshot_1219.png;cepm;like;14/02/2020 02:14:34
cropped_screenshot_122.png;cepm;like;14/02/2020 02:14:36
cropped_screenshot_122.png;cepm;super like;14/02/2020 02:14:43
cropped_screenshot_1220.png;cepm;dislike;14/02/2020 02:14:46
cropped_screenshot_1221.png;cepm;like;14/02/2020 02:14:51
cropped_screenshot_1222.png;cepm;like;14/02/2020 02:14:52
cropped_screenshot_1223.png;cepm;like;14/02/2020 02:14:54
cropped_screenshot_1224.png;cepm;like;14/02/2020 02:14:55
cropped_screenshot_1225.png;cepm;like;14/02/2020 02:14:56
cropped_screenshot_1226.png;cepm;like;14/02/2020 02:14:58
cropped_screenshot_1227.png;cepm;dislike;14/02/2020 02:15:01
cropped_screenshot_1228.png;cepm;like;14/02/2020 02:15:05
cropped_screenshot_1229.png;cepm;like;14/02/2020 02:15:06
cropped_screenshot_123.png;cepm;like;14/02/2020 02:15:07
cropped_screenshot_1230.png;cepm;like;14/02/2020 02:15:09
cropped_screenshot_1231.png;cepm;dislike;14/02/2020 02:15:12
cropped_screenshot_1232.png;cepm;like;14/02/2020 02:15:15
cropped_screenshot_1233.png;cepm;like;14/02/2020 02:15:16
cropped_screenshot_1234.png;cepm;like;14/02/2020 02:15:17
cropped_screenshot_1235.png;cepm;like;14/02/2020 02:15:19
cropped_screenshot_1237.png;cepm;like;14/02/2020 02:15:20
cropped_screenshot_1238.png;cepm;like;14/02/2020 02:15:22
cropped_screenshot_1239.png;cepm;dislike;14/02/2020 02:15:26
cropped_screenshot_124.png;cepm;like;14/02/2020 02:15:29
cropped_screenshot_1240.png;cepm;like;14/02/2020 02:15:30
cropped_screenshot_1241.png;cepm;dislike;14/02/2020 02:15:33
cropped_screenshot_1242.png;cepm;like;14/02/2020 02:15:36
cropped_screenshot_1243.png;cepm;like;14/02/2020 02:15:39
cropped_screenshot_1244.png;cepm;like;14/02/2020 02:15:42
cropped_screenshot_1245.png;cepm;like;14/02/2020 02:15:43
cropped_screenshot_1246.png;cepm;dislike;14/02/2020 02:15:46
cropped_screenshot_1247.png;cepm;dislike;14/02/2020 02:15:49
cropped_screenshot_1248.png;cepm;like;14/02/2020 02:15:53
cropped_screenshot_1249.png;cepm;like;14/02/2020 02:15:54
cropped_screenshot_125.png;cepm;dislike;14/02/2020 02:15:57
cropped_screenshot_1250.png;cepm;dislike;14/02/2020 02:15:59
cropped_screenshot_1251.png;cepm;super like;14/02/2020 02:16:03
cropped_screenshot_1252.png;cepm;like;14/02/2020 02:16:06
cropped_screenshot_1253.png;cepm;like;14/02/2020 02:16:15
cropped_screenshot_1254.png;cepm;dislike;14/02/2020 02:16:18
cropped_screenshot_1255.png;cepm;like;14/02/2020 02:16:21
cropped_screenshot_1256.png;cepm;like;14/02/2020 02:16:25
cropped_screenshot_1257.png;cepm;dislike;14/02/2020 02:16:28
cropped_screenshot_1258.png;cepm;dislike;14/02/2020 02:16:30
cropped_screenshot_1259.png;cepm;like;14/02/2020 02:16:36
cropped_screenshot_126.png;cepm;like;14/02/2020 02:16:52
cropped_screenshot_1260.png;cepm;dislike;14/02/2020 02:16:59
cropped_screenshot_1261.png;cepm;like;14/02/2020 02:17:02
cropped_screenshot_1262.png;cepm;dislike;14/02/2020 02:17:05
cropped_screenshot_1263.png;cepm;like;14/02/2020 02:17:10
cropped_screenshot_1264.png;cepm;like;14/02/2020 02:17:11
cropped_screenshot_1266.png;cepm;dislike;14/02/2020 02:17:13
cropped_screenshot_1267.png;cepm;like;14/02/2020 02:17:16
cropped_screenshot_1268.png;cepm;like;14/02/2020 02:17:17
cropped_screenshot_1269.png;cepm;like;14/02/2020 02:17:18
cropped_screenshot_127.png;cepm;like;14/02/2020 02:17:20
cropped_screenshot_1270.png;cepm;like;14/02/2020 02:17:21
cropped_screenshot_1271.png;cepm;dislike;14/02/2020 02:17:25
cropped_screenshot_1272.png;cepm;dislike;14/02/2020 02:17:29
cropped_screenshot_1273.png;cepm;like;14/02/2020 02:17:32
cropped_screenshot_1274.png;cepm;dislike;14/02/2020 02:17:35
cropped_screenshot_1275.png;cepm;like;14/02/2020 02:17:38
cropped_screenshot_1276.png;cepm;like;14/02/2020 02:17:39
cropped_screenshot_1277.png;cepm;like;14/02/2020 02:17:40
cropped_screenshot_1278.png;cepm;like;14/02/2020 02:17:41
cropped_screenshot_1279.png;cepm;like;14/02/2020 02:17:42
cropped_screenshot_128.png;cepm;like;14/02/2020 02:17:44
cropped_screenshot_1280.png;cepm;dislike;14/02/2020 02:17:46
cropped_screenshot_1281.png;cepm;like;14/02/2020 02:17:49
cropped_screenshot_1282.png;cepm;like;14/02/2020 02:17:51
cropped_screenshot_1284.png;cepm;super like;14/02/2020 02:17:54
cropped_screenshot_1285.png;cepm;dislike;14/02/2020 02:17:58
cropped_screenshot_1286.png;cepm;like;14/02/2020 02:18:01
cropped_screenshot_1287.png;cepm;like;14/02/2020 02:18:03
cropped_screenshot_1288.png;cepm;like;14/02/2020 02:18:04
cropped_screenshot_1289.png;cepm;super like;14/02/2020 02:18:08
cropped_screenshot_129.png;cepm;like;14/02/2020 02:18:12
cropped_screenshot_1290.png;cepm;like;14/02/2020 02:18:16
cropped_screenshot_1291.png;cepm;like;14/02/2020 02:18:18
cropped_screenshot_1292.png;cepm;like;14/02/2020 02:18:19
cropped_screenshot_1293.png;cepm;like;14/02/2020 02:18:21
cropped_screenshot_1294.png;cepm;like;14/02/2020 02:18:22
cropped_screenshot_1295.png;cepm;dislike;14/02/2020 02:18:25
cropped_screenshot_1296.png;cepm;like;14/02/2020 02:18:29
cropped_screenshot_1297.png;cepm;like;14/02/2020 02:18:30
cropped_screenshot_1298.png;cepm;dislike;14/02/2020 02:18:34
cropped_screenshot_1299.png;cepm;dislike;14/02/2020 02:18:40
cropped_screenshot_13.png;cepm;like;14/02/2020 02:18:43
cropped_screenshot_130.png;cepm;like;14/02/2020 02:18:45
cropped_screenshot_130.png;cepm;like;14/02/2020 02:18:54
cropped_screenshot_1300.png;cepm;dislike;14/02/2020 02:18:56
cropped_screenshot_1301.png;cepm;dislike;14/02/2020 02:19:05
cropped_screenshot_1302.png;cepm;like;14/02/2020 02:19:10
cropped_screenshot_1303.png;cepm;like;14/02/2020 02:19:11
cropped_screenshot_1304.png;cepm;like;14/02/2020 02:19:13
cropped_screenshot_1305.png;cepm;like;14/02/2020 02:19:14
cropped_screenshot_1306.png;cepm;like;14/02/2020 02:19:16
cropped_screenshot_1307.png;cepm;like;14/02/2020 02:19:18
cropped_screenshot_1308.png;cepm;like;14/02/2020 02:19:19
cropped_screenshot_1309.png;cepm;like;14/02/2020 02:19:20
cropped_screenshot_131.png;cepm;dislike;14/02/2020 02:19:24
cropped_screenshot_1310.png;cepm;super like;14/02/2020 02:19:29
cropped_screenshot_1311.png;cepm;like;14/02/2020 02:19:39
cropped_screenshot_1312.png;cepm;like;14/02/2020 02:19:40
cropped_screenshot_1313.png;cepm;like;14/02/2020 02:19:42
cropped_screenshot_1314.png;cepm;like;14/02/2020 02:19:43
cropped_screenshot_1315.png;cepm;like;14/02/2020 02:19:44
cropped_screenshot_1316.png;cepm;dislike;14/02/2020 02:19:47
cropped_screenshot_1317.png;cepm;like;14/02/2020 02:19:50
cropped_screenshot_1318.png;cepm;dislike;14/02/2020 02:19:53
cropped_screenshot_1319.png;cepm;like;14/02/2020 02:19:56
cropped_screenshot_132.png;cepm;like;14/02/2020 02:19:58
cropped_screenshot_1321.png;cepm;like;14/02/2020 02:20:00
cropped_screenshot_1322.png;cepm;dislike;14/02/2020 02:20:04
cropped_screenshot_1323.png;cepm;dislike;14/02/2020 02:20:06
cropped_screenshot_1324.png;cepm;like;14/02/2020 02:20:09
cropped_screenshot_1325.png;cepm;dislike;14/02/2020 02:20:12
cropped_screenshot_1326.png;cepm;like;14/02/2020 02:20:16
cropped_screenshot_1327.png;cepm;dislike;14/02/2020 02:20:20
cropped_screenshot_1328.png;cepm;dislike;14/02/2020 02:20:22
cropped_screenshot_1329.png;cepm;like;14/02/2020 02:20:25
cropped_screenshot_133.png;cepm;like;14/02/2020 02:20:27
cropped_screenshot_1330.png;cepm;like;14/02/2020 02:20:28
cropped_screenshot_1331.png;cepm;like;14/02/2020 02:20:30
cropped_screenshot_1332.png;cepm;like;14/02/2020 02:20:31
cropped_screenshot_1333.png;cepm;like;14/02/2020 02:20:33
cropped_screenshot_1334.png;cepm;like;14/02/2020 02:20:34
cropped_screenshot_1335.png;cepm;like;14/02/2020 02:20:36
cropped_screenshot_1336.png;cepm;like;14/02/2020 02:20:37
cropped_screenshot_1337.png;cepm;like;14/02/2020 02:20:38
cropped_screenshot_1337.png;cepm;dislike;14/02/2020 02:20:45
cropped_screenshot_1338.png;cepm;super like;14/02/2020 02:20:48
cropped_screenshot_1339.png;cepm;super like;14/02/2020 02:20:50
cropped_screenshot_134.png;cepm;like;14/02/2020 02:20:53
cropped_screenshot_1340.png;cepm;super like;14/02/2020 02:20:57
cropped_screenshot_1341.png;cepm;dislike;14/02/2020 02:21:02
cropped_screenshot_1342.png;cepm;like;14/02/2020 02:21:05
cropped_screenshot_1343.png;cepm;like;14/02/2020 02:21:06
cropped_screenshot_1344.png;cepm;dislike;14/02/2020 02:21:10
cropped_screenshot_1345.png;cepm;dislike;14/02/2020 02:21:11
cropped_screenshot_1346.png;cepm;like;14/02/2020 02:21:14
cropped_screenshot_1347.png;cepm;dislike;14/02/2020 02:21:18
cropped_screenshot_1348.png;cepm;dislike;14/02/2020 02:21:20
cropped_screenshot_1349.png;cepm;dislike;14/02/2020 02:21:22
cropped_screenshot_135.png;cepm;dislike;14/02/2020 02:21:25
cropped_screenshot_1350.png;cepm;like;14/02/2020 02:21:29
cropped_screenshot_1351.png;cepm;dislike;14/02/2020 02:21:32
cropped_screenshot_1352.png;cepm;like;14/02/2020 02:21:35
cropped_screenshot_1353.png;cepm;dislike;14/02/2020 02:21:38
cropped_screenshot_1354.png;cepm;like;14/02/2020 02:21:40
cropped_screenshot_1355.png;cepm;like;14/02/2020 02:21:41
cropped_screenshot_1356.png;cepm;like;14/02/2020 02:21:42
cropped_screenshot_1357.png;cepm;dislike;14/02/2020 02:21:45
cropped_screenshot_1358.png;cepm;dislike;14/02/2020 02:21:47
cropped_screenshot_1359.png;cepm;dislike;14/02/2020 02:21:50
cropped_screenshot_136.png;cepm;like;14/02/2020 02:21:54
cropped_screenshot_1360.png;cepm;like;14/02/2020 02:22:00
cropped_screenshot_1361.png;cepm;like;14/02/2020 02:22:01
cropped_screenshot_1362.png;cepm;dislike;14/02/2020 02:22:05
cropped_screenshot_1363.png;cepm;dislike;14/02/2020 02:22:07
cropped_screenshot_1364.png;cepm;dislike;14/02/2020 02:22:08
cropped_screenshot_1366.png;cepm;dislike;14/02/2020 02:22:13
cropped_screenshot_1367.png;cepm;like;14/02/2020 02:22:16
cropped_screenshot_1368.png;cepm;like;14/02/2020 02:22:21
cropped_screenshot_1369.png;cepm;like;14/02/2020 02:22:25
cropped_screenshot_137.png;cepm;like;14/02/2020 02:22:27
cropped_screenshot_1370.png;cepm;like;14/02/2020 02:22:37
cropped_screenshot_1372.png;cepm;like;14/02/2020 02:22:38
cropped_screenshot_1373.png;cepm;like;14/02/2020 02:22:40
cropped_screenshot_1374.png;cepm;dislike;14/02/2020 02:22:49
cropped_screenshot_1375.png;cepm;like;14/02/2020 02:22:52
cropped_screenshot_1376.png;cepm;dislike;14/02/2020 02:23:35
cropped_screenshot_1377.png;cepm;dislike;14/02/2020 02:23:46
cropped_screenshot_1378.png;cepm;like;14/02/2020 02:23:49
cropped_screenshot_1379.png;cepm;dislike;14/02/2020 02:23:52
cropped_screenshot_138.png;cepm;like;14/02/2020 02:23:55
cropped_screenshot_1380.png;cepm;like;14/02/2020 02:23:56
cropped_screenshot_1381.png;cepm;dislike;14/02/2020 02:23:59
cropped_screenshot_1382.png;cepm;like;14/02/2020 02:24:02
cropped_screenshot_1383.png;cepm;like;14/02/2020 02:24:04
cropped_screenshot_1384.png;cepm;dislike;14/02/2020 02:24:08
cropped_screenshot_1385.png;cepm;like;14/02/2020 02:24:11
cropped_screenshot_1386.png;cepm;like;14/02/2020 02:24:13
cropped_screenshot_1387.png;cepm;dislike;14/02/2020 02:24:16
cropped_screenshot_1388.png;cepm;like;14/02/2020 02:24:19
cropped_screenshot_1389.png;cepm;dislike;14/02/2020 02:24:24
cropped_screenshot_139.png;cepm;like;14/02/2020 02:24:27
cropped_screenshot_1390.png;cepm;dislike;14/02/2020 02:24:31
cropped_screenshot_1391.png;cepm;dislike;14/02/2020 02:24:33
cropped_screenshot_1392.png;cepm;like;14/02/2020 02:24:36
cropped_screenshot_1393.png;cepm;like;14/02/2020 02:24:39
cropped_screenshot_1394.png;cepm;like;14/02/2020 02:24:40
cropped_screenshot_1395.png;cepm;dislike;14/02/2020 02:24:44
cropped_screenshot_1397.png;cepm;dislike;14/02/2020 02:24:46
cropped_screenshot_1398.png;cepm;dislike;14/02/2020 02:24:48
cropped_screenshot_1399.png;cepm;like;14/02/2020 02:24:51
cropped_screenshot_14.png;cepm;like;14/02/2020 02:24:52
cropped_screenshot_140.png;cepm;like;14/02/2020 02:24:53
cropped_screenshot_1400.png;cepm;super like;14/02/2020 02:24:57
cropped_screenshot_1401.png;cepm;like;14/02/2020 02:25:02
cropped_screenshot_1402.png;cepm;like;14/02/2020 02:25:03
cropped_screenshot_1403.png;cepm;like;14/02/2020 02:25:05
cropped_screenshot_1404.png;cepm;like;14/02/2020 02:25:07
cropped_screenshot_1405.png;cepm;dislike;14/02/2020 02:25:10
cropped_screenshot_1406.png;cepm;like;14/02/2020 02:25:13
cropped_screenshot_1408.png;cepm;dislike;14/02/2020 02:25:17
cropped_screenshot_1409.png;cepm;dislike;14/02/2020 02:25:19
cropped_screenshot_141.png;cepm;like;14/02/2020 02:25:23
cropped_screenshot_1410.png;cepm;like;14/02/2020 02:25:25
cropped_screenshot_1411.png;cepm;like;14/02/2020 02:25:26
cropped_screenshot_1411.png;cepm;like;14/02/2020 02:25:34
cropped_screenshot_1412.png;cepm;like;14/02/2020 02:25:35
cropped_screenshot_1413.png;cepm;like;14/02/2020 02:25:37
cropped_screenshot_1414.png;cepm;dislike;14/02/2020 02:25:40
cropped_screenshot_1415.png;cepm;like;14/02/2020 02:25:47
cropped_screenshot_1416.png;cepm;like;14/02/2020 02:25:48
cropped_screenshot_1417.png;cepm;dislike;14/02/2020 02:25:51
cropped_screenshot_1418.png;cepm;dislike;14/02/2020 02:25:53
cropped_screenshot_1419.png;cepm;like;14/02/2020 02:25:57
cropped_screenshot_142.png;cepm;like;14/02/2020 02:25:58
cropped_screenshot_1420.png;cepm;dislike;14/02/2020 02:26:04
cropped_screenshot_1421.png;cepm;like;14/02/2020 02:26:07
cropped_screenshot_1422.png;cepm;dislike;14/02/2020 02:26:13
cropped_screenshot_1424.png;cepm;dislike;14/02/2020 02:26:15
cropped_screenshot_1425.png;cepm;like;14/02/2020 02:26:19
cropped_screenshot_1426.png;cepm;like;14/02/2020 02:26:20
cropped_screenshot_1427.png;cepm;dislike;14/02/2020 02:26:24
cropped_screenshot_1428.png;cepm;dislike;14/02/2020 02:26:26
cropped_screenshot_143.png;cepm;dislike;14/02/2020 02:26:29
cropped_screenshot_1430.png;cepm;dislike;14/02/2020 02:26:31
cropped_screenshot_1431.png;cepm;like;14/02/2020 02:26:35
cropped_screenshot_1432.png;cepm;like;14/02/2020 02:26:43
cropped_screenshot_1433.png;cepm;dislike;14/02/2020 02:26:46
cropped_screenshot_1434.png;cepm;dislike;14/02/2020 02:26:51
cropped_screenshot_1435.png;cepm;like;14/02/2020 02:26:56
cropped_screenshot_1436.png;cepm;like;14/02/2020 02:26:58
cropped_screenshot_1437.png;cepm;dislike;14/02/2020 02:27:01
cropped_screenshot_1438.png;cepm;like;14/02/2020 02:27:04
cropped_screenshot_1439.png;cepm;super like;14/02/2020 02:27:09
cropped_screenshot_144.png;cepm;like;14/02/2020 02:27:12
cropped_screenshot_1440.png;cepm;like;14/02/2020 02:27:14
cropped_screenshot_1441.png;cepm;like;14/02/2020 02:27:15
cropped_screenshot_1442.png;cepm;like;14/02/2020 02:27:17
cropped_screenshot_1444.png;cepm;like;14/02/2020 02:27:19
cropped_screenshot_1446.png;cepm;like;14/02/2020 02:27:20
cropped_screenshot_1447.png;cepm;super like;14/02/2020 02:27:23
cropped_screenshot_1448.png;cepm;like;14/02/2020 02:27:26
cropped_screenshot_1449.png;cepm;like;14/02/2020 02:27:27
cropped_screenshot_145.png;cepm;dislike;14/02/2020 02:27:29
cropped_screenshot_1450.png;cepm;like;14/02/2020 02:27:33
cropped_screenshot_1451.png;cepm;dislike;14/02/2020 02:27:36
cropped_screenshot_1452.png;cepm;dislike;14/02/2020 02:27:43
cropped_screenshot_1453.png;cepm;dislike;14/02/2020 02:27:45
cropped_screenshot_1454.png;cepm;like;14/02/2020 02:27:49
cropped_screenshot_1455.png;cepm;like;14/02/2020 02:27:51
cropped_screenshot_1456.png;cepm;dislike;14/02/2020 02:27:54
cropped_screenshot_1457.png;cepm;dislike;14/02/2020 02:27:56
cropped_screenshot_1458.png;cepm;dislike;14/02/2020 02:28:17
cropped_screenshot_1459.png;cepm;like;14/02/2020 02:28:21
cropped_screenshot_146.png;cepm;like;14/02/2020 02:28:23
cropped_screenshot_1460.png;cepm;like;14/02/2020 02:28:24
cropped_screenshot_1461.png;cepm;dislike;14/02/2020 02:28:28
cropped_screenshot_1462.png;cepm;like;14/02/2020 02:28:31
cropped_screenshot_1463.png;cepm;like;14/02/2020 02:28:33
cropped_screenshot_1464.png;cepm;dislike;14/02/2020 02:28:35
cropped_screenshot_1466.png;cepm;dislike;14/02/2020 02:28:37
cropped_screenshot_1467.png;cepm;dislike;14/02/2020 02:28:41
cropped_screenshot_1469.png;cepm;like;14/02/2020 02:28:45
cropped_screenshot_147.png;cepm;like;14/02/2020 02:28:46
cropped_screenshot_1470.png;cepm;dislike;14/02/2020 02:28:50
cropped_screenshot_1471.png;cepm;like;14/02/2020 02:28:53
cropped_screenshot_1472.png;cepm;dislike;14/02/2020 02:28:56
cropped_screenshot_1473.png;cepm;like;14/02/2020 02:28:59
cropped_screenshot_1474.png;cepm;dislike;14/02/2020 02:29:02
cropped_screenshot_1475.png;cepm;like;14/02/2020 02:29:09
cropped_screenshot_1476.png;cepm;like;14/02/2020 02:29:10
cropped_screenshot_1477.png;cepm;like;14/02/2020 02:29:11
cropped_screenshot_1478.png;cepm;dislike;14/02/2020 02:29:14
cropped_screenshot_1479.png;cepm;like;14/02/2020 02:29:19
cropped_screenshot_148.png;cepm;like;14/02/2020 02:29:20
cropped_screenshot_1480.png;cepm;like;14/02/2020 02:29:26
cropped_screenshot_1481.png;cepm;like;14/02/2020 02:29:27
cropped_screenshot_1482.png;cepm;like;14/02/2020 02:29:29
cropped_screenshot_1483.png;cepm;like;14/02/2020 02:29:31
cropped_screenshot_1484.png;cepm;like;14/02/2020 02:29:33
cropped_screenshot_1485.png;cepm;like;14/02/2020 02:29:36
cropped_screenshot_1486.png;cepm;like;14/02/2020 02:29:41
cropped_screenshot_1487.png;cepm;dislike;14/02/2020 02:29:45
cropped_screenshot_1488.png;cepm;like;14/02/2020 02:29:47
cropped_screenshot_1489.png;cepm;dislike;14/02/2020 02:29:51
cropped_screenshot_149.png;cepm;like;14/02/2020 02:29:53
cropped_screenshot_1490.png;cepm;like;14/02/2020 02:29:55
cropped_screenshot_1491.png;cepm;like;14/02/2020 02:29:57
cropped_screenshot_1492.png;cepm;like;14/02/2020 02:29:58
cropped_screenshot_1493.png;cepm;like;14/02/2020 02:30:00
cropped_screenshot_1493.png;cepm;like;14/02/2020 02:30:06
cropped_screenshot_1494.png;cepm;like;14/02/2020 02:30:07
cropped_screenshot_1495.png;cepm;like;14/02/2020 02:30:08
cropped_screenshot_1496.png;cepm;like;14/02/2020 02:30:10
cropped_screenshot_1497.png;cepm;dislike;14/02/2020 02:30:13
cropped_screenshot_1498.png;cepm;dislike;14/02/2020 02:30:17
cropped_screenshot_1499.png;cepm;dislike;14/02/2020 02:30:18
cropped_screenshot_15.png;cepm;super like;14/02/2020 02:30:22
cropped_screenshot_150.png;cepm;dislike;14/02/2020 02:30:26
cropped_screenshot_1500.png;cepm;like;14/02/2020 02:30:30
cropped_screenshot_1501.png;cepm;like;14/02/2020 02:30:31
cropped_screenshot_1502.png;cepm;dislike;14/02/2020 02:30:34
cropped_screenshot_1503.png;cepm;like;14/02/2020 02:30:37
cropped_screenshot_1504.png;cepm;like;14/02/2020 02:30:38
cropped_screenshot_1505.png;cepm;like;14/02/2020 02:30:42
cropped_screenshot_1506.png;cepm;like;14/02/2020 02:30:43
cropped_screenshot_1507.png;cepm;like;14/02/2020 02:30:45
cropped_screenshot_1508.png;cepm;like;14/02/2020 02:30:54
cropped_screenshot_1509.png;cepm;like;14/02/2020 02:30:55
cropped_screenshot_151.png;cepm;like;14/02/2020 02:30:56
cropped_screenshot_1511.png;cepm;like;14/02/2020 02:31:02
cropped_screenshot_1512.png;cepm;like;14/02/2020 02:32:47
cropped_screenshot_1513.png;cepm;dislike;14/02/2020 02:32:50
cropped_screenshot_1514.png;cepm;like;14/02/2020 02:32:52
cropped_screenshot_1515.png;cepm;like;14/02/2020 02:32:54
cropped_screenshot_1516.png;cepm;dislike;14/02/2020 02:32:57
cropped_screenshot_1517.png;cepm;dislike;16/02/2020 23:12:54
cropped_screenshot_1518.png;cepm;like;16/02/2020 23:13:02
cropped_screenshot_1519.png;cepm;super like;16/02/2020 23:13:06
cropped_screenshot_152.png;cepm;like;16/02/2020 23:13:10
cropped_screenshot_1520.png;cepm;like;16/02/2020 23:13:11
cropped_screenshot_1521.png;cepm;like;16/02/2020 23:13:15
cropped_screenshot_1522.png;cepm;dislike;16/02/2020 23:13:18
cropped_screenshot_1523.png;cepm;like;16/02/2020 23:13:22
cropped_screenshot_1524.png;cepm;dislike;16/02/2020 23:13:25
cropped_screenshot_1526.png;cepm;like;16/02/2020 23:13:28
cropped_screenshot_1527.png;cepm;dislike;16/02/2020 23:13:40
cropped_screenshot_1528.png;cepm;dislike;16/02/2020 23:13:43
cropped_screenshot_1529.png;cepm;like;16/02/2020 23:13:45
cropped_screenshot_153.png;cepm;like;16/02/2020 23:13:47
cropped_screenshot_1530.png;cepm;like;16/02/2020 23:13:51
cropped_screenshot_1531.png;cepm;dislike;16/02/2020 23:13:54
cropped_screenshot_1532.png;cepm;dislike;16/02/2020 23:13:56
cropped_screenshot_1533.png;cepm;dislike;16/02/2020 23:14:00
cropped_screenshot_1534.png;cepm;dislike;16/02/2020 23:14:01
cropped_screenshot_1535.png;cepm;dislike;16/02/2020 23:14:03
cropped_screenshot_1536.png;cepm;dislike;16/02/2020 23:14:04
cropped_screenshot_1537.png;cepm;dislike;16/02/2020 23:14:06
cropped_screenshot_1538.png;cepm;dislike;16/02/2020 23:14:09
cropped_screenshot_1539.png;cepm;like;16/02/2020 23:14:16
cropped_screenshot_154.png;cepm;like;16/02/2020 23:14:18
cropped_screenshot_1540.png;cepm;like;16/02/2020 23:14:20
cropped_screenshot_1541.png;cepm;dislike;16/02/2020 23:14:23
cropped_screenshot_1542.png;cepm;dislike;16/02/2020 23:14:26
cropped_screenshot_1543.png;cepm;like;16/02/2020 23:14:29
cropped_screenshot_1544.png;cepm;like;16/02/2020 23:14:30
cropped_screenshot_1545.png;cepm;like;16/02/2020 23:14:34
cropped_screenshot_1546.png;cepm;like;16/02/2020 23:14:36
cropped_screenshot_1547.png;cepm;like;16/02/2020 23:14:38
cropped_screenshot_1548.png;cepm;like;16/02/2020 23:14:40
cropped_screenshot_1549.png;cepm;like;16/02/2020 23:14:42
cropped_screenshot_155.png;cepm;like;16/02/2020 23:14:43
cropped_screenshot_1550.png;cepm;dislike;16/02/2020 23:14:46
cropped_screenshot_1551.png;cepm;like;16/02/2020 23:14:50
cropped_screenshot_1552.png;cepm;dislike;16/02/2020 23:14:53
cropped_screenshot_1553.png;cepm;like;16/02/2020 23:14:56
cropped_screenshot_1554.png;cepm;like;16/02/2020 23:14:58
cropped_screenshot_1555.png;cepm;like;16/02/2020 23:14:59
cropped_screenshot_1556.png;cepm;like;16/02/2020 23:15:01
cropped_screenshot_1557.png;cepm;dislike;16/02/2020 23:15:04
cropped_screenshot_1558.png;cepm;dislike;16/02/2020 23:15:05
cropped_screenshot_156.png;cepm;dislike;16/02/2020 23:15:08
cropped_screenshot_1560.png;cepm;dislike;16/02/2020 23:15:13
cropped_screenshot_1561.png;cepm;like;16/02/2020 23:15:16
cropped_screenshot_1562.png;cepm;dislike;16/02/2020 23:15:19
cropped_screenshot_1563.png;cepm;dislike;16/02/2020 23:15:23
cropped_screenshot_1564.png;cepm;dislike;16/02/2020 23:15:25
cropped_screenshot_1565.png;cepm;dislike;16/02/2020 23:15:27
cropped_screenshot_1566.png;cepm;dislike;16/02/2020 23:15:28
cropped_screenshot_1567.png;cepm;like;16/02/2020 23:15:32
cropped_screenshot_1568.png;cepm;dislike;16/02/2020 23:15:36
cropped_screenshot_1569.png;cepm;dislike;16/02/2020 23:15:37
cropped_screenshot_157.png;cepm;like;16/02/2020 23:15:39
cropped_screenshot_1570.png;cepm;like;16/02/2020 23:15:41
cropped_screenshot_1571.png;cepm;dislike;16/02/2020 23:15:47
cropped_screenshot_1572.png;cepm;dislike;16/02/2020 23:15:50
cropped_screenshot_1573.png;cepm;dislike;16/02/2020 23:15:51
cropped_screenshot_1574.png;cepm;like;16/02/2020 23:15:55
cropped_screenshot_1575.png;cepm;dislike;16/02/2020 23:15:57
cropped_screenshot_1576.png;cepm;dislike;16/02/2020 23:15:59
cropped_screenshot_1577.png;cepm;like;16/02/2020 23:16:02
cropped_screenshot_1578.png;cepm;like;16/02/2020 23:16:04
cropped_screenshot_1579.png;cepm;dislike;16/02/2020 23:16:07
cropped_screenshot_158.png;cepm;like;16/02/2020 23:16:11
cropped_screenshot_1580.png;cepm;like;16/02/2020 23:16:12
cropped_screenshot_1581.png;cepm;like;16/02/2020 23:16:15
cropped_screenshot_1582.png;cepm;dislike;16/02/2020 23:16:17
cropped_screenshot_1583.png;cepm;dislike;16/02/2020 23:16:21
cropped_screenshot_1584.png;cepm;like;16/02/2020 23:16:24
cropped_screenshot_1585.png;cepm;like;16/02/2020 23:16:26
cropped_screenshot_1586.png;cepm;like;16/02/2020 23:16:28
cropped_screenshot_1587.png;cepm;like;16/02/2020 23:16:32
cropped_screenshot_1588.png;cepm;like;16/02/2020 23:16:34
cropped_screenshot_1589.png;cepm;dislike;16/02/2020 23:16:36
cropped_screenshot_159.png;cepm;like;16/02/2020 23:16:39
cropped_screenshot_1590.png;cepm;like;16/02/2020 23:16:41
cropped_screenshot_1591.png;cepm;like;16/02/2020 23:16:42
cropped_screenshot_1592.png;cepm;like;16/02/2020 23:16:44
cropped_screenshot_1593.png;cepm;like;16/02/2020 23:16:45
cropped_screenshot_1594.png;cepm;like;16/02/2020 23:16:46
cropped_screenshot_1595.png;cepm;like;16/02/2020 23:16:48
cropped_screenshot_1596.png;cepm;like;16/02/2020 23:16:51
cropped_screenshot_1597.png;cepm;dislike;16/02/2020 23:16:53
cropped_screenshot_1598.png;cepm;dislike;16/02/2020 23:16:54
cropped_screenshot_1599.png;cepm;dislike;16/02/2020 23:16:56
cropped_screenshot_16.png;cepm;dislike;16/02/2020 23:16:57
cropped_screenshot_160.png;cepm;dislike;16/02/2020 23:16:59
cropped_screenshot_1600.png;cepm;dislike;16/02/2020 23:17:01
cropped_screenshot_1601.png;cepm;like;16/02/2020 23:17:06
cropped_screenshot_1602.png;cepm;like;16/02/2020 23:17:08
cropped_screenshot_1603.png;cepm;dislike;16/02/2020 23:17:33
cropped_screenshot_1604.png;cepm;like;16/02/2020 23:17:36
cropped_screenshot_1605.png;cepm;super like;16/02/2020 23:17:40
cropped_screenshot_1606.png;cepm;like;16/02/2020 23:17:43
cropped_screenshot_1607.png;cepm;dislike;16/02/2020 23:17:46
cropped_screenshot_1609.png;cepm;dislike;16/02/2020 23:17:48
cropped_screenshot_161.png;cepm;like;16/02/2020 23:17:54
cropped_screenshot_1610.png;cepm;dislike;16/02/2020 23:17:57
cropped_screenshot_1611.png;cepm;dislike;16/02/2020 23:17:58
cropped_screenshot_1612.png;cepm;dislike;16/02/2020 23:18:00
cropped_screenshot_1613.png;cepm;like;16/02/2020 23:18:02
cropped_screenshot_1614.png;cepm;like;16/02/2020 23:18:04
cropped_screenshot_1615.png;cepm;like;16/02/2020 23:18:06
cropped_screenshot_1616.png;cepm;like;16/02/2020 23:18:08
cropped_screenshot_1616.png;cepm;dislike;16/02/2020 23:18:15
cropped_screenshot_1618.png;cepm;dislike;16/02/2020 23:18:17
cropped_screenshot_1619.png;cepm;dislike;16/02/2020 23:18:19
cropped_screenshot_162.png;cepm;like;16/02/2020 23:18:22
cropped_screenshot_1620.png;cepm;like;16/02/2020 23:18:26
cropped_screenshot_1616.png;cepm;dislike;16/02/2020 23:18:35
cropped_screenshot_1618.png;cepm;dislike;16/02/2020 23:18:40
cropped_screenshot_1619.png;cepm;dislike;16/02/2020 23:18:41
cropped_screenshot_162.png;cepm;like;16/02/2020 23:18:44
cropped_screenshot_1620.png;cepm;like;16/02/2020 23:18:45
cropped_screenshot_1621.png;cepm;like;16/02/2020 23:18:48
cropped_screenshot_1622.png;cepm;dislike;16/02/2020 23:18:50
cropped_screenshot_1624.png;cepm;like;16/02/2020 23:18:54
cropped_screenshot_1626.png;cepm;like;16/02/2020 23:18:57
cropped_screenshot_1627.png;cepm;like;16/02/2020 23:18:59
cropped_screenshot_1628.png;cepm;dislike;16/02/2020 23:19:02
cropped_screenshot_1629.png;cepm;like;16/02/2020 23:19:04
cropped_screenshot_163.png;cepm;like;16/02/2020 23:19:06
cropped_screenshot_1630.png;cepm;like;16/02/2020 23:19:07
cropped_screenshot_1631.png;cepm;like;16/02/2020 23:19:09
cropped_screenshot_1632.png;cepm;like;16/02/2020 23:19:10
cropped_screenshot_1633.png;cepm;dislike;16/02/2020 23:19:15
cropped_screenshot_1634.png;cepm;like;16/02/2020 23:19:17
cropped_screenshot_1635.png;cepm;like;16/02/2020 23:19:19
cropped_screenshot_1636.png;cepm;dislike;16/02/2020 23:19:22
cropped_screenshot_1637.png;cepm;dislike;16/02/2020 23:19:25
cropped_screenshot_1638.png;cepm;like;16/02/2020 23:19:28
cropped_screenshot_1639.png;cepm;dislike;16/02/2020 23:19:30
cropped_screenshot_164.png;cepm;like;16/02/2020 23:19:35
cropped_screenshot_1640.png;cepm;dislike;16/02/2020 23:19:40
cropped_screenshot_1641.png;cepm;super like;16/02/2020 23:19:43
cropped_screenshot_1642.png;cepm;dislike;16/02/2020 23:19:48
cropped_screenshot_1643.png;cepm;dislike;16/02/2020 23:19:49
cropped_screenshot_1644.png;cepm;dislike;16/02/2020 23:19:51
cropped_screenshot_1645.png;cepm;dislike;16/02/2020 23:19:52
cropped_screenshot_1646.png;cepm;like;16/02/2020 23:19:55
cropped_screenshot_1647.png;cepm;dislike;16/02/2020 23:19:58
cropped_screenshot_1648.png;cepm;dislike;16/02/2020 23:20:00
cropped_screenshot_1649.png;cepm;dislike;16/02/2020 23:20:01
cropped_screenshot_165.png;cepm;like;16/02/2020 23:20:05
cropped_screenshot_1650.png;cepm;like;16/02/2020 23:20:07
cropped_screenshot_1651.png;cepm;super like;16/02/2020 23:20:10
cropped_screenshot_1652.png;cepm;dislike;16/02/2020 23:20:13
cropped_screenshot_1653.png;cepm;dislike;16/02/2020 23:20:15
cropped_screenshot_1654.png;cepm;like;16/02/2020 23:20:18
cropped_screenshot_1655.png;cepm;like;16/02/2020 23:20:21
cropped_screenshot_1656.png;cepm;like;16/02/2020 23:20:22
cropped_screenshot_1657.png;cepm;like;16/02/2020 23:20:24
cropped_screenshot_1658.png;cepm;dislike;16/02/2020 23:20:26
cropped_screenshot_166.png;cepm;like;16/02/2020 23:20:28
cropped_screenshot_1660.png;cepm;super like;16/02/2020 23:20:31
cropped_screenshot_1661.png;cepm;dislike;16/02/2020 23:20:34
cropped_screenshot_1662.png;cepm;like;16/02/2020 23:20:38
cropped_screenshot_1663.png;cepm;dislike;16/02/2020 23:20:40
cropped_screenshot_1664.png;cepm;dislike;16/02/2020 23:20:42
cropped_screenshot_1665.png;cepm;dislike;16/02/2020 23:20:44
cropped_screenshot_1666.png;cepm;dislike;16/02/2020 23:20:45
cropped_screenshot_1667.png;cepm;dislike;16/02/2020 23:20:47
cropped_screenshot_1668.png;cepm;like;16/02/2020 23:20:49
cropped_screenshot_1669.png;cepm;like;16/02/2020 23:20:51
cropped_screenshot_167.png;cepm;like;16/02/2020 23:20:53
cropped_screenshot_1670.png;cepm;dislike;16/02/2020 23:20:56
cropped_screenshot_1671.png;cepm;dislike;16/02/2020 23:20:57
cropped_screenshot_1672.png;cepm;dislike;16/02/2020 23:21:03
cropped_screenshot_1673.png;cepm;dislike;16/02/2020 23:21:07
cropped_screenshot_1674.png;cepm;like;16/02/2020 23:21:10
cropped_screenshot_1675.png;cepm;like;16/02/2020 23:21:12
cropped_screenshot_1676.png;cepm;like;16/02/2020 23:21:13
cropped_screenshot_1677.png;cepm;like;16/02/2020 23:21:15
cropped_screenshot_1678.png;cepm;like;16/02/2020 23:21:16
cropped_screenshot_1679.png;cepm;like;16/02/2020 23:21:17
cropped_screenshot_168.png;cepm;like;16/02/2020 23:21:19
cropped_screenshot_1680.png;cepm;like;16/02/2020 23:21:20
cropped_screenshot_1681.png;cepm;like;16/02/2020 23:21:22
cropped_screenshot_1682.png;cepm;like;16/02/2020 23:21:23
cropped_screenshot_1683.png;cepm;like;16/02/2020 23:21:26
cropped_screenshot_1684.png;cepm;like;16/02/2020 23:21:29
cropped_screenshot_1685.png;cepm;dislike;16/02/2020 23:21:31
cropped_screenshot_1686.png;cepm;dislike;16/02/2020 23:21:32
cropped_screenshot_1687.png;cepm;like;16/02/2020 23:21:36
cropped_screenshot_1689.png;cepm;dislike;16/02/2020 23:21:39
cropped_screenshot_169.png;cepm;like;16/02/2020 23:21:42
cropped_screenshot_1690.png;cepm;dislike;16/02/2020 23:21:45
cropped_screenshot_1691.png;cepm;like;16/02/2020 23:21:48
cropped_screenshot_1692.png;cepm;dislike;16/02/2020 23:21:51
cropped_screenshot_1693.png;cepm;dislike;16/02/2020 23:21:52
cropped_screenshot_1694.png;cepm;dislike;16/02/2020 23:21:53
cropped_screenshot_1695.png;cepm;like;16/02/2020 23:21:57
cropped_screenshot_1696.png;cepm;like;16/02/2020 23:21:59
cropped_screenshot_1697.png;cepm;like;16/02/2020 23:22:01
cropped_screenshot_1698.png;cepm;like;16/02/2020 23:22:06
cropped_screenshot_1699.png;cepm;dislike;16/02/2020 23:22:08
cropped_screenshot_17.png;cepm;dislike;16/02/2020 23:22:10
cropped_screenshot_170.png;cepm;dislike;16/02/2020 23:22:12
cropped_screenshot_1700.png;cepm;dislike;16/02/2020 23:22:13
cropped_screenshot_1701.png;cepm;dislike;16/02/2020 23:22:15
cropped_screenshot_1702.png;cepm;like;16/02/2020 23:22:17
cropped_screenshot_1703.png;cepm;dislike;16/02/2020 23:22:20
cropped_screenshot_1704.png;cepm;like;16/02/2020 23:22:22
cropped_screenshot_1705.png;cepm;like;16/02/2020 23:22:24
cropped_screenshot_1706.png;cepm;like;16/02/2020 23:22:26
cropped_screenshot_1707.png;cepm;dislike;16/02/2020 23:22:30
cropped_screenshot_1708.png;cepm;dislike;16/02/2020 23:22:31
cropped_screenshot_1709.png;cepm;dislike;16/02/2020 23:22:33
cropped_screenshot_171.png;cepm;dislike;16/02/2020 23:22:35
cropped_screenshot_1710.png;cepm;dislike;16/02/2020 23:22:37
cropped_screenshot_1712.png;cepm;dislike;16/02/2020 23:22:41
cropped_screenshot_1713.png;cepm;like;16/02/2020 23:22:43
cropped_screenshot_1714.png;cepm;dislike;16/02/2020 23:22:45
cropped_screenshot_1715.png;cepm;dislike;16/02/2020 23:22:47
cropped_screenshot_1716.png;cepm;like;16/02/2020 23:22:49
cropped_screenshot_1717.png;cepm;like;16/02/2020 23:22:51
cropped_screenshot_1718.png;cepm;dislike;16/02/2020 23:22:53
cropped_screenshot_1719.png;cepm;dislike;16/02/2020 23:22:56
cropped_screenshot_172.png;cepm;dislike;16/02/2020 23:23:59
cropped_screenshot_1720.png;cepm;dislike;16/02/2020 23:24:01
cropped_screenshot_1721.png;cepm;dislike;16/02/2020 23:24:02
cropped_screenshot_1722.png;cepm;dislike;16/02/2020 23:24:04
cropped_screenshot_1723.png;cepm;like;16/02/2020 23:24:07
cropped_screenshot_1724.png;cepm;like;16/02/2020 23:24:08
cropped_screenshot_1725.png;cepm;like;16/02/2020 23:24:11
cropped_screenshot_1726.png;cepm;dislike;16/02/2020 23:24:13
cropped_screenshot_1727.png;cepm;dislike;16/02/2020 23:24:15
cropped_screenshot_1728.png;cepm;dislike;16/02/2020 23:24:16
cropped_screenshot_1729.png;cepm;like;16/02/2020 23:24:20
cropped_screenshot_173.png;cepm;like;16/02/2020 23:24:22
cropped_screenshot_1730.png;cepm;dislike;16/02/2020 23:24:25
cropped_screenshot_1731.png;cepm;like;16/02/2020 23:24:31
cropped_screenshot_1732.png;cepm;dislike;16/02/2020 23:24:36
cropped_screenshot_1733.png;cepm;dislike;16/02/2020 23:24:38
cropped_screenshot_1734.png;cepm;like;16/02/2020 23:24:42
cropped_screenshot_1735.png;cepm;dislike;16/02/2020 23:24:45
cropped_screenshot_1736.png;cepm;dislike;16/02/2020 23:24:55
cropped_screenshot_1737.png;cepm;dislike;16/02/2020 23:24:57
cropped_screenshot_1738.png;cepm;like;16/02/2020 23:25:00
cropped_screenshot_1739.png;cepm;dislike;16/02/2020 23:25:03
cropped_screenshot_174.png;cepm;like;16/02/2020 23:25:05
cropped_screenshot_1740.png;cepm;like;16/02/2020 23:25:07
cropped_screenshot_1741.png;cepm;dislike;16/02/2020 23:25:09
cropped_screenshot_1742.png;cepm;dislike;16/02/2020 23:25:11
cropped_screenshot_1743.png;cepm;dislike;16/02/2020 23:25:13
cropped_screenshot_1744.png;cepm;dislike;16/02/2020 23:25:17
cropped_screenshot_1745.png;cepm;dislike;16/02/2020 23:25:19
cropped_screenshot_1746.png;cepm;dislike;16/02/2020 23:25:22
cropped_screenshot_1747.png;cepm;like;16/02/2020 23:25:24
cropped_screenshot_1748.png;cepm;like;16/02/2020 23:25:26
cropped_screenshot_1749.png;cepm;dislike;16/02/2020 23:25:28
cropped_screenshot_175.png;cepm;dislike;16/02/2020 23:25:35
cropped_screenshot_1750.png;cepm;dislike;16/02/2020 23:25:37
cropped_screenshot_1751.png;cepm;like;16/02/2020 23:25:42
cropped_screenshot_1752.png;cepm;like;16/02/2020 23:25:44
cropped_screenshot_1753.png;cepm;dislike;16/02/2020 23:25:47
cropped_screenshot_1754.png;cepm;dislike;16/02/2020 23:25:48
cropped_screenshot_1755.png;cepm;like;16/02/2020 23:25:52
cropped_screenshot_1756.png;cepm;like;16/02/2020 23:25:53
cropped_screenshot_1757.png;cepm;dislike;16/02/2020 23:25:57
cropped_screenshot_1758.png;cepm;like;16/02/2020 23:25:59
cropped_screenshot_1759.png;cepm;dislike;16/02/2020 23:26:02
cropped_screenshot_176.png;cepm;like;16/02/2020 23:26:05
cropped_screenshot_1760.png;cepm;like;16/02/2020 23:26:07
cropped_screenshot_1761.png;cepm;like;16/02/2020 23:26:10
cropped_screenshot_1762.png;cepm;like;16/02/2020 23:26:12
cropped_screenshot_1763.png;cepm;dislike;16/02/2020 23:26:17
cropped_screenshot_1764.png;cepm;like;16/02/2020 23:26:20
cropped_screenshot_1765.png;cepm;like;16/02/2020 23:26:21
cropped_screenshot_1766.png;cepm;like;16/02/2020 23:26:23
cropped_screenshot_1767.png;cepm;dislike;16/02/2020 23:26:25
cropped_screenshot_1768.png;cepm;like;16/02/2020 23:26:28
cropped_screenshot_177.png;cepm;like;16/02/2020 23:26:31
cropped_screenshot_1770.png;cepm;like;16/02/2020 23:26:34
cropped_screenshot_1771.png;cepm;super like;16/02/2020 23:26:40
cropped_screenshot_1772.png;cepm;like;16/02/2020 23:26:43
cropped_screenshot_1773.png;cepm;dislike;16/02/2020 23:26:45
cropped_screenshot_1774.png;cepm;dislike;16/02/2020 23:26:47
cropped_screenshot_1775.png;cepm;dislike;16/02/2020 23:26:48
cropped_screenshot_1776.png;cepm;like;16/02/2020 23:26:51
cropped_screenshot_1777.png;cepm;dislike;16/02/2020 23:26:53
cropped_screenshot_1778.png;cepm;like;16/02/2020 23:26:57
cropped_screenshot_1779.png;cepm;dislike;16/02/2020 23:27:00
cropped_screenshot_178.png;cepm;dislike;16/02/2020 23:27:02
cropped_screenshot_1780.png;cepm;like;16/02/2020 23:27:06
cropped_screenshot_1781.png;cepm;dislike;16/02/2020 23:27:08
cropped_screenshot_1782.png;cepm;dislike;16/02/2020 23:27:10
cropped_screenshot_1783.png;cepm;like;16/02/2020 23:27:13
cropped_screenshot_1784.png;cepm;like;16/02/2020 23:27:15
cropped_screenshot_1785.png;cepm;like;16/02/2020 23:27:16
cropped_screenshot_1787.png;cepm;like;16/02/2020 23:27:18
cropped_screenshot_1788.png;cepm;dislike;16/02/2020 23:27:20
cropped_screenshot_1789.png;cepm;dislike;16/02/2020 23:27:22
cropped_screenshot_179.png;cepm;dislike;16/02/2020 23:27:23
cropped_screenshot_1790.png;cepm;dislike;16/02/2020 23:27:25
cropped_screenshot_1791.png;cepm;like;16/02/2020 23:27:28
cropped_screenshot_1793.png;cepm;like;16/02/2020 23:27:32
cropped_screenshot_1794.png;cepm;like;16/02/2020 23:27:34
cropped_screenshot_1795.png;cepm;dislike;16/02/2020 23:27:37
cropped_screenshot_1796.png;cepm;like;16/02/2020 23:27:40
cropped_screenshot_1797.png;cepm;like;16/02/2020 23:27:43
cropped_screenshot_1798.png;cepm;like;16/02/2020 23:27:44
cropped_screenshot_1799.png;cepm;dislike;16/02/2020 23:27:46
cropped_screenshot_18.png;cepm;dislike;16/02/2020 23:27:49
cropped_screenshot_180.png;cepm;like;16/02/2020 23:27:52
cropped_screenshot_1800.png;cepm;dislike;16/02/2020 23:27:55
cropped_screenshot_1801.png;cepm;dislike;16/02/2020 23:27:57
cropped_screenshot_1802.png;cepm;dislike;16/02/2020 23:27:58
cropped_screenshot_1803.png;cepm;dislike;16/02/2020 23:27:59
cropped_screenshot_1805.png;cepm;dislike;16/02/2020 23:28:00
cropped_screenshot_1806.png;cepm;dislike;16/02/2020 23:28:02
cropped_screenshot_1807.png;cepm;like;16/02/2020 23:28:04
cropped_screenshot_1808.png;cepm;dislike;16/02/2020 23:28:07
cropped_screenshot_1809.png;cepm;dislike;16/02/2020 23:28:08
cropped_screenshot_181.png;cepm;like;16/02/2020 23:28:11
cropped_screenshot_1810.png;cepm;dislike;16/02/2020 23:28:14
cropped_screenshot_1811.png;cepm;dislike;16/02/2020 23:28:16
cropped_screenshot_1812.png;cepm;dislike;16/02/2020 23:28:17
cropped_screenshot_1813.png;cepm;dislike;16/02/2020 23:28:25
cropped_screenshot_1814.png;cepm;dislike;16/02/2020 23:28:27
cropped_screenshot_1815.png;cepm;like;16/02/2020 23:28:30
cropped_screenshot_1816.png;cepm;like;16/02/2020 23:28:33
cropped_screenshot_1817.png;cepm;dislike;16/02/2020 23:28:36
cropped_screenshot_1818.png;cepm;like;16/02/2020 23:28:39
cropped_screenshot_1819.png;cepm;dislike;16/02/2020 23:28:41
cropped_screenshot_182.png;cepm;like;16/02/2020 23:28:44
cropped_screenshot_1820.png;cepm;dislike;16/02/2020 23:28:47
cropped_screenshot_1821.png;cepm;dislike;16/02/2020 23:28:48
cropped_screenshot_1822.png;cepm;dislike;16/02/2020 23:28:50
cropped_screenshot_1823.png;cepm;like;16/02/2020 23:28:53
cropped_screenshot_1824.png;cepm;dislike;16/02/2020 23:28:56
cropped_screenshot_1825.png;cepm;dislike;16/02/2020 23:28:57
cropped_screenshot_1826.png;cepm;dislike;16/02/2020 23:28:59
cropped_screenshot_1828.png;cepm;like;16/02/2020 23:29:02
cropped_screenshot_1829.png;cepm;dislike;16/02/2020 23:29:04
cropped_screenshot_183.png;cepm;like;16/02/2020 23:29:08
cropped_screenshot_1830.png;cepm;dislike;16/02/2020 23:29:20
cropped_screenshot_1831.png;cepm;dislike;16/02/2020 23:29:25
cropped_screenshot_1832.png;cepm;like;16/02/2020 23:29:28
cropped_screenshot_1833.png;cepm;like;16/02/2020 23:29:30
cropped_screenshot_1834.png;cepm;like;16/02/2020 23:29:31
cropped_screenshot_1835.png;cepm;like;16/02/2020 23:29:33
cropped_screenshot_1836.png;cepm;dislike;16/02/2020 23:29:35
cropped_screenshot_1837.png;cepm;like;16/02/2020 23:29:38
cropped_screenshot_1838.png;cepm;dislike;16/02/2020 23:29:41
cropped_screenshot_1839.png;cepm;dislike;16/02/2020 23:29:45
cropped_screenshot_184.png;cepm;like;16/02/2020 23:29:48
cropped_screenshot_1840.png;cepm;dislike;16/02/2020 23:29:52
cropped_screenshot_1841.png;cepm;dislike;16/02/2020 23:29:53
cropped_screenshot_1842.png;cepm;dislike;16/02/2020 23:29:55
cropped_screenshot_1843.png;cepm;like;16/02/2020 23:29:58
cropped_screenshot_1844.png;cepm;like;16/02/2020 23:29:59
cropped_screenshot_1845.png;cepm;dislike;16/02/2020 23:30:02
cropped_screenshot_1846.png;cepm;dislike;16/02/2020 23:30:04
cropped_screenshot_1847.png;cepm;dislike;16/02/2020 23:30:05
cropped_screenshot_1848.png;cepm;like;16/02/2020 23:30:08
cropped_screenshot_1849.png;cepm;dislike;16/02/2020 23:30:10
cropped_screenshot_185.png;cepm;like;16/02/2020 23:30:16
cropped_screenshot_1850.png;cepm;like;16/02/2020 23:30:19
cropped_screenshot_1851.png;cepm;dislike;16/02/2020 23:30:22
cropped_screenshot_1852.png;cepm;dislike;16/02/2020 23:30:23
cropped_screenshot_1853.png;cepm;like;16/02/2020 23:30:25
cropped_screenshot_1854.png;cepm;dislike;16/02/2020 23:30:27
cropped_screenshot_1855.png;cepm;like;16/02/2020 23:30:30
cropped_screenshot_1856.png;cepm;like;16/02/2020 23:30:31
cropped_screenshot_1857.png;cepm;dislike;16/02/2020 23:30:33
cropped_screenshot_1858.png;cepm;like;16/02/2020 23:30:36
cropped_screenshot_1859.png;cepm;like;16/02/2020 23:30:38
cropped_screenshot_186.png;cepm;like;16/02/2020 23:30:39
cropped_screenshot_1860.png;cepm;like;16/02/2020 23:30:41
cropped_screenshot_1861.png;cepm;dislike;16/02/2020 23:30:43
cropped_screenshot_1862.png;cepm;like;16/02/2020 23:30:45
cropped_screenshot_1863.png;cepm;dislike;16/02/2020 23:30:47
cropped_screenshot_1864.png;cepm;dislike;16/02/2020 23:30:49
cropped_screenshot_1865.png;cepm;like;16/02/2020 23:30:51
cropped_screenshot_1866.png;cepm;dislike;16/02/2020 23:30:59
cropped_screenshot_1867.png;cepm;dislike;16/02/2020 23:31:05
cropped_screenshot_1868.png;cepm;dislike;16/02/2020 23:31:06
cropped_screenshot_1869.png;cepm;like;16/02/2020 23:31:09
cropped_screenshot_187.png;cepm;like;16/02/2020 23:31:10
cropped_screenshot_1870.png;cepm;super like;16/02/2020 23:31:13
cropped_screenshot_1871.png;cepm;dislike;16/02/2020 23:31:15
cropped_screenshot_1872.png;cepm;like;16/02/2020 23:31:24
cropped_screenshot_1873.png;cepm;dislike;16/02/2020 23:31:27
cropped_screenshot_1874.png;cepm;dislike;16/02/2020 23:31:28
cropped_screenshot_1875.png;cepm;dislike;16/02/2020 23:31:30
cropped_screenshot_1875.png;cepm;like;16/02/2020 23:31:40
cropped_screenshot_1876.png;cepm;dislike;16/02/2020 23:31:44
cropped_screenshot_1877.png;cepm;dislike;16/02/2020 23:31:48
cropped_screenshot_1878.png;cepm;like;16/02/2020 23:31:53
cropped_screenshot_1879.png;cepm;dislike;16/02/2020 23:31:55
cropped_screenshot_188.png;cepm;dislike;16/02/2020 23:32:06
cropped_screenshot_1880.png;cepm;like;16/02/2020 23:32:08
cropped_screenshot_1881.png;cepm;dislike;16/02/2020 23:32:11
cropped_screenshot_1883.png;cepm;dislike;16/02/2020 23:32:13
cropped_screenshot_1884.png;cepm;like;16/02/2020 23:32:20
cropped_screenshot_1885.png;teban;like;23/02/2020 21:22:05
cropped_screenshot_1886.png;teban;like;23/02/2020 21:22:15
cropped_screenshot_1887.png;teban;dislike;23/02/2020 21:22:18
cropped_screenshot_1888.png;teban;super like;23/02/2020 21:22:21
cropped_screenshot_1889.png;teban;like;23/02/2020 21:22:23
cropped_screenshot_189.png;teban;like;23/02/2020 21:22:25
cropped_screenshot_1890.png;teban;like;23/02/2020 21:22:33
cropped_screenshot_1891.png;teban;dislike;23/02/2020 21:22:36
cropped_screenshot_1892.png;teban;super like;23/02/2020 21:22:38
cropped_screenshot_1893.png;teban;like;23/02/2020 21:22:40
cropped_screenshot_1894.png;teban;like;23/02/2020 21:24:00
cropped_screenshot_1895.png;teban;dislike;23/02/2020 21:24:03
cropped_screenshot_1896.png;teban;dislike;23/02/2020 21:24:04
cropped_screenshot_1897.png;teban;dislike;23/02/2020 21:24:05
cropped_screenshot_1898.png;teban;like;23/02/2020 21:24:09
cropped_screenshot_1899.png;teban;like;23/02/2020 21:24:12
cropped_screenshot_190.png;teban;super like;23/02/2020 21:24:28
cropped_screenshot_1900.png;teban;dislike;23/02/2020 21:24:30
cropped_screenshot_1901.png;teban;dislike;23/02/2020 21:24:34
cropped_screenshot_1902.png;teban;like;23/02/2020 21:24:37
cropped_screenshot_1903.png;teban;like;23/02/2020 21:24:38
cropped_screenshot_1904.png;teban;dislike;23/02/2020 21:24:42
cropped_screenshot_1905.png;teban;dislike;23/02/2020 21:24:43
cropped_screenshot_1906.png;teban;like;23/02/2020 21:24:46
cropped_screenshot_1907.png;teban;like;23/02/2020 21:24:48
cropped_screenshot_1908.png;teban;like;23/02/2020 21:24:50
cropped_screenshot_191.png;teban;like;23/02/2020 21:24:52
cropped_screenshot_191.png;teban;like;23/02/2020 21:25:07
cropped_screenshot_1910.png;teban;dislike;23/02/2020 21:25:10
cropped_screenshot_1912.png;teban;dislike;23/02/2020 21:25:12
cropped_screenshot_1913.png;teban;like;23/02/2020 21:25:15
cropped_screenshot_1914.png;teban;dislike;23/02/2020 21:25:18
cropped_screenshot_1915.png;teban;like;23/02/2020 21:25:21
cropped_screenshot_1916.png;teban;dislike;23/02/2020 21:25:25
cropped_screenshot_1917.png;teban;dislike;23/02/2020 21:25:26
cropped_screenshot_1918.png;teban;like;23/02/2020 21:25:29
cropped_screenshot_1919.png;teban;like;23/02/2020 21:25:30
cropped_screenshot_192.png;teban;like;23/02/2020 21:25:32
cropped_screenshot_1920.png;teban;dislike;23/02/2020 21:25:35
cropped_screenshot_1921.png;teban;like;23/02/2020 21:25:39
cropped_screenshot_1922.png;teban;like;23/02/2020 21:25:41
cropped_screenshot_1923.png;teban;like;23/02/2020 21:25:43
cropped_screenshot_1924.png;teban;like;23/02/2020 21:25:44
cropped_screenshot_1925.png;teban;like;23/02/2020 21:25:45
cropped_screenshot_1926.png;teban;like;23/02/2020 21:25:46
cropped_screenshot_1927.png;teban;dislike;23/02/2020 21:25:49
cropped_screenshot_1928.png;teban;dislike;23/02/2020 21:25:51
cropped_screenshot_1929.png;teban;dislike;23/02/2020 21:25:52
cropped_screenshot_193.png;teban;like;23/02/2020 21:28:37
cropped_screenshot_1930.png;teban;dislike;23/02/2020 21:28:40
cropped_screenshot_193.png;teban;like;23/02/2020 21:28:59
cropped_screenshot_1930.png;teban;dislike;23/02/2020 21:29:02
cropped_screenshot_1931.png;teban;like;23/02/2020 21:29:05
cropped_screenshot_1932.png;teban;like;23/02/2020 21:29:06
cropped_screenshot_1933.png;teban;like;23/02/2020 21:29:07
cropped_screenshot_1934.png;teban;dislike;23/02/2020 21:29:10
cropped_screenshot_1935.png;teban;dislike;23/02/2020 21:29:11
cropped_screenshot_1936.png;teban;dislike;23/02/2020 21:29:14
cropped_screenshot_1937.png;teban;dislike;23/02/2020 21:29:15
cropped_screenshot_1938.png;teban;like;23/02/2020 21:29:17
cropped_screenshot_1939.png;teban;like;23/02/2020 21:29:51
cropped_screenshot_194.png;teban;like;23/02/2020 21:29:53
cropped_screenshot_1940.png;teban;dislike;23/02/2020 21:29:55
cropped_screenshot_1941.png;teban;like;23/02/2020 21:29:58
cropped_screenshot_1942.png;teban;dislike;23/02/2020 21:30:03
cropped_screenshot_1943.png;teban;like;23/02/2020 21:30:06
cropped_screenshot_1944.png;teban;dislike;23/02/2020 21:30:09
cropped_screenshot_1945.png;teban;dislike;23/02/2020 21:30:10
cropped_screenshot_1946.png;teban;dislike;23/02/2020 21:30:11
cropped_screenshot_1947.png;teban;like;23/02/2020 21:30:14
cropped_screenshot_1948.png;teban;super like;23/02/2020 21:30:18
cropped_screenshot_1949.png;teban;like;23/02/2020 21:30:25
cropped_screenshot_195.png;teban;like;23/02/2020 21:30:28
cropped_screenshot_1950.png;teban;dislike;23/02/2020 21:30:31
cropped_screenshot_1951.png;teban;like;23/02/2020 21:30:35
cropped_screenshot_1952.png;teban;dislike;23/02/2020 21:30:38
cropped_screenshot_1953.png;teban;dislike;23/02/2020 21:30:39
cropped_screenshot_1954.png;teban;like;23/02/2020 21:30:42
cropped_screenshot_1955.png;teban;like;23/02/2020 21:30:43
cropped_screenshot_1956.png;teban;like;23/02/2020 21:30:44
cropped_screenshot_1957.png;teban;dislike;23/02/2020 21:31:27
cropped_screenshot_1958.png;teban;like;23/02/2020 21:31:31
cropped_screenshot_1959.png;teban;super like;23/02/2020 21:31:37
cropped_screenshot_196.png;teban;dislike;23/02/2020 21:36:04
cropped_screenshot_1960.png;teban;like;23/02/2020 21:36:07
cropped_screenshot_1961.png;teban;dislike;23/02/2020 21:36:10
cropped_screenshot_1962.png;teban;dislike;23/02/2020 21:36:12
cropped_screenshot_1963.png;teban;dislike;23/02/2020 21:36:13
cropped_screenshot_1964.png;teban;dislike;23/02/2020 21:36:17
cropped_screenshot_1965.png;teban;super like;23/02/2020 21:36:32
cropped_screenshot_1966.png;teban;dislike;23/02/2020 21:36:34
cropped_screenshot_1965.png;teban;super like;23/02/2020 21:37:17
cropped_screenshot_1966.png;teban;dislike;23/02/2020 21:37:19
cropped_screenshot_1967.png;teban;like;23/02/2020 21:37:21
cropped_screenshot_1968.png;teban;dislike;23/02/2020 21:37:22
cropped_screenshot_1969.png;teban;dislike;23/02/2020 21:37:25
cropped_screenshot_197.png;teban;like;23/02/2020 21:37:27
cropped_screenshot_1971.png;teban;dislike;23/02/2020 21:37:29
cropped_screenshot_1972.png;teban;dislike;23/02/2020 21:37:31
cropped_screenshot_1973.png;teban;dislike;23/02/2020 21:37:32
cropped_screenshot_1974.png;teban;dislike;23/02/2020 21:37:33
cropped_screenshot_1975.png;teban;like;23/02/2020 21:37:35
cropped_screenshot_1976.png;teban;like;23/02/2020 21:37:37
cropped_screenshot_1977.png;teban;dislike;23/02/2020 21:37:39
cropped_screenshot_1978.png;teban;like;23/02/2020 21:37:41
cropped_screenshot_1979.png;teban;like;23/02/2020 21:37:42
cropped_screenshot_198.png;teban;dislike;23/02/2020 21:37:44
cropped_screenshot_1980.png;teban;dislike;23/02/2020 21:37:45
cropped_screenshot_1981.png;teban;like;23/02/2020 21:37:47
cropped_screenshot_1982.png;teban;dislike;23/02/2020 21:37:52
cropped_screenshot_1983.png;teban;like;23/02/2020 21:37:57
cropped_screenshot_1984.png;teban;dislike;23/02/2020 21:37:59
cropped_screenshot_1985.png;teban;dislike;23/02/2020 21:38:00
cropped_screenshot_1986.png;teban;like;23/02/2020 21:38:04
cropped_screenshot_1987.png;teban;dislike;23/02/2020 21:38:06
cropped_screenshot_1988.png;teban;like;23/02/2020 21:38:15
cropped_screenshot_1989.png;teban;like;23/02/2020 21:38:17
cropped_screenshot_1991.png;teban;dislike;23/02/2020 21:38:21
cropped_screenshot_1992.png;teban;dislike;23/02/2020 21:38:41
cropped_screenshot_1993.png;teban;like;23/02/2020 21:38:43
cropped_screenshot_1994.png;teban;like;23/02/2020 21:44:05
cropped_screenshot_1995.png;teban;like;23/02/2020 21:44:06
cropped_screenshot_1996.png;teban;like;23/02/2020 21:44:07
cropped_screenshot_1997.png;teban;dislike;23/02/2020 21:44:09
cropped_screenshot_1998.png;teban;like;23/02/2020 21:44:11
cropped_screenshot_1999.png;teban;like;23/02/2020 21:44:12
cropped_screenshot_2.png;teban;dislike;23/02/2020 21:44:14
cropped_screenshot_20.png;teban;dislike;23/02/2020 21:44:15
cropped_screenshot_200.png;teban;dislike;23/02/2020 21:44:17
cropped_screenshot_2000.png;teban;dislike;23/02/2020 21:44:27
cropped_screenshot_2001.png;teban;dislike;23/02/2020 21:44:28
cropped_screenshot_2002.png;teban;like;23/02/2020 21:44:31
cropped_screenshot_2003.png;teban;dislike;23/02/2020 21:44:32
cropped_screenshot_2004.png;teban;dislike;23/02/2020 21:44:34
cropped_screenshot_2005.png;teban;dislike;23/02/2020 21:44:35
cropped_screenshot_2006.png;teban;dislike;23/02/2020 21:44:37
cropped_screenshot_2007.png;teban;dislike;23/02/2020 21:44:39
cropped_screenshot_2009.png;teban;dislike;23/02/2020 21:44:41
cropped_screenshot_201.png;teban;like;23/02/2020 21:44:43
cropped_screenshot_2010.png;teban;like;23/02/2020 21:44:54
cropped_screenshot_2011.png;teban;like;23/02/2020 21:44:55
cropped_screenshot_2012.png;teban;dislike;23/02/2020 21:44:57
cropped_screenshot_2014.png;teban;dislike;23/02/2020 21:44:58
cropped_screenshot_2015.png;teban;like;23/02/2020 21:45:01
cropped_screenshot_2016.png;teban;dislike;23/02/2020 21:47:16
cropped_screenshot_2017.png;teban;like;23/02/2020 21:47:22
cropped_screenshot_2018.png;teban;like;23/02/2020 21:47:23
cropped_screenshot_2019.png;teban;dislike;23/02/2020 21:47:27
cropped_screenshot_202.png;teban;dislike;23/02/2020 21:47:28
cropped_screenshot_2020.png;teban;like;23/02/2020 21:47:32
cropped_screenshot_2021.png;teban;like;23/02/2020 21:47:33
cropped_screenshot_2022.png;teban;like;23/02/2020 21:47:34
cropped_screenshot_2023.png;teban;like;23/02/2020 21:47:36
cropped_screenshot_2024.png;teban;like;23/02/2020 21:47:38
cropped_screenshot_2025.png;teban;like;23/02/2020 21:47:39
cropped_screenshot_2026.png;teban;dislike;23/02/2020 21:47:42
cropped_screenshot_2027.png;teban;like;23/02/2020 21:47:47
cropped_screenshot_2028.png;teban;like;23/02/2020 21:47:49
cropped_screenshot_2029.png;teban;like;23/02/2020 21:47:51
cropped_screenshot_203.png;teban;like;23/02/2020 21:47:52
cropped_screenshot_2030.png;teban;like;23/02/2020 21:47:54
cropped_screenshot_2031.png;teban;like;23/02/2020 21:47:57
cropped_screenshot_2032.png;teban;dislike;23/02/2020 21:48:00
cropped_screenshot_2033.png;teban;dislike;23/02/2020 21:48:01
cropped_screenshot_2034.png;teban;dislike;23/02/2020 21:48:03
cropped_screenshot_2035.png;teban;dislike;23/02/2020 21:48:04
cropped_screenshot_2036.png;teban;dislike;23/02/2020 21:48:05
cropped_screenshot_2037.png;teban;like;23/02/2020 21:48:08
cropped_screenshot_2038.png;teban;like;23/02/2020 21:48:10
cropped_screenshot_2039.png;teban;dislike;23/02/2020 21:48:13
cropped_screenshot_204.png;teban;like;23/02/2020 21:48:16
cropped_screenshot_2040.png;teban;dislike;23/02/2020 21:48:19
cropped_screenshot_2041.png;teban;like;23/02/2020 21:48:23
cropped_screenshot_2042.png;teban;like;23/02/2020 21:48:27
cropped_screenshot_2043.png;teban;dislike;23/02/2020 21:48:30
cropped_screenshot_2044.png;teban;dislike;23/02/2020 21:48:33
cropped_screenshot_2045.png;teban;dislike;23/02/2020 21:48:34
cropped_screenshot_2046.png;teban;dislike;23/02/2020 21:48:35
cropped_screenshot_2047.png;teban;like;23/02/2020 21:48:38
cropped_screenshot_2048.png;teban;dislike;23/02/2020 21:48:41
cropped_screenshot_2049.png;teban;like;23/02/2020 21:48:44
cropped_screenshot_205.png;teban;like;23/02/2020 21:48:46
cropped_screenshot_2050.png;teban;dislike;23/02/2020 21:48:49
cropped_screenshot_2051.png;teban;dislike;23/02/2020 21:48:57
cropped_screenshot_2052.png;teban;like;23/02/2020 21:49:00
cropped_screenshot_2053.png;teban;like;23/02/2020 21:49:01
cropped_screenshot_2054.png;teban;dislike;23/02/2020 21:49:04
cropped_screenshot_2055.png;teban;like;23/02/2020 21:49:07
cropped_screenshot_2056.png;teban;dislike;23/02/2020 21:49:09
cropped_screenshot_2057.png;teban;like;23/02/2020 21:49:12
cropped_screenshot_2058.png;teban;like;23/02/2020 21:49:14
cropped_screenshot_2059.png;teban;dislike;23/02/2020 21:49:16
cropped_screenshot_206.png;teban;dislike;23/02/2020 21:49:18
cropped_screenshot_2060.png;teban;like;23/02/2020 21:49:21
cropped_screenshot_2061.png;teban;dislike;23/02/2020 21:49:25
cropped_screenshot_2062.png;teban;dislike;23/02/2020 21:49:26
cropped_screenshot_2063.png;teban;like;23/02/2020 21:49:29
cropped_screenshot_2064.png;teban;like;23/02/2020 21:49:30
cropped_screenshot_2065.png;teban;like;23/02/2020 21:49:32
cropped_screenshot_2067.png;teban;dislike;23/02/2020 21:49:35
cropped_screenshot_2068.png;teban;like;23/02/2020 21:49:40
cropped_screenshot_2069.png;teban;dislike;23/02/2020 21:49:43
cropped_screenshot_207.png;teban;like;23/02/2020 21:49:47
cropped_screenshot_2070.png;teban;like;23/02/2020 21:49:48
cropped_screenshot_2071.png;teban;like;23/02/2020 21:49:50
cropped_screenshot_2072.png;teban;like;23/02/2020 21:49:51
cropped_screenshot_2073.png;teban;dislike;23/02/2020 21:49:54
cropped_screenshot_2074.png;teban;dislike;23/02/2020 21:49:56
cropped_screenshot_2075.png;teban;like;23/02/2020 21:49:59
cropped_screenshot_2076.png;teban;dislike;23/02/2020 21:50:29
cropped_screenshot_2077.png;teban;like;23/02/2020 21:50:32
cropped_screenshot_2078.png;teban;like;23/02/2020 21:50:33
cropped_screenshot_2079.png;teban;like;23/02/2020 21:50:34
cropped_screenshot_208.png;teban;like;23/02/2020 21:50:35
cropped_screenshot_2080.png;teban;like;23/02/2020 21:50:36
cropped_screenshot_2080.png;teban;dislike;23/02/2020 21:50:43
cropped_screenshot_2081.png;teban;like;23/02/2020 21:50:46
cropped_screenshot_2082.png;teban;dislike;23/02/2020 21:50:51
cropped_screenshot_2083.png;teban;dislike;23/02/2020 21:50:53
cropped_screenshot_2084.png;teban;dislike;23/02/2020 21:50:54
cropped_screenshot_2085.png;teban;dislike;23/02/2020 21:50:56
cropped_screenshot_2086.png;teban;like;23/02/2020 21:50:59
cropped_screenshot_2088.png;teban;dislike;23/02/2020 21:51:02
cropped_screenshot_2089.png;teban;dislike;23/02/2020 21:51:03
cropped_screenshot_209.png;teban;like;23/02/2020 21:51:06
cropped_screenshot_2090.png;teban;like;23/02/2020 21:51:08
cropped_screenshot_2091.png;teban;dislike;23/02/2020 21:51:11
cropped_screenshot_2092.png;teban;like;23/02/2020 21:51:15
cropped_screenshot_2093.png;teban;dislike;23/02/2020 21:51:18
cropped_screenshot_2095.png;teban;like;23/02/2020 21:51:22
cropped_screenshot_2096.png;teban;dislike;23/02/2020 21:51:26
cropped_screenshot_2097.png;teban;like;23/02/2020 21:51:30
cropped_screenshot_2098.png;teban;like;23/02/2020 21:51:31
cropped_screenshot_2099.png;teban;like;23/02/2020 21:51:33
cropped_screenshot_210.png;teban;like;23/02/2020 21:51:34
cropped_screenshot_2100.png;teban;like;23/02/2020 21:51:35
cropped_screenshot_2101.png;teban;dislike;23/02/2020 21:51:38
cropped_screenshot_2102.png;teban;dislike;23/02/2020 21:51:40
cropped_screenshot_2103.png;teban;like;23/02/2020 21:51:45
cropped_screenshot_2104.png;teban;dislike;23/02/2020 21:51:47
cropped_screenshot_2105.png;teban;dislike;23/02/2020 21:51:48
cropped_screenshot_2106.png;teban;dislike;23/02/2020 21:51:49
cropped_screenshot_2107.png;teban;like;23/02/2020 21:51:52
cropped_screenshot_2108.png;teban;dislike;23/02/2020 21:51:55
cropped_screenshot_2109.png;teban;like;23/02/2020 21:51:59
cropped_screenshot_211.png;teban;like;23/02/2020 21:52:00
cropped_screenshot_2110.png;teban;dislike;23/02/2020 21:52:03
cropped_screenshot_2111.png;teban;dislike;23/02/2020 21:52:04
cropped_screenshot_2112.png;teban;like;23/02/2020 21:52:07
cropped_screenshot_2113.png;teban;dislike;23/02/2020 21:52:10
cropped_screenshot_2114.png;teban;like;23/02/2020 21:52:13
cropped_screenshot_2115.png;teban;like;23/02/2020 21:52:14
cropped_screenshot_2115.png;teban;dislike;23/02/2020 21:52:21
cropped_screenshot_2116.png;teban;like;23/02/2020 21:52:24
cropped_screenshot_2117.png;teban;like;23/02/2020 21:52:26
cropped_screenshot_2118.png;teban;like;23/02/2020 21:52:28
cropped_screenshot_2119.png;teban;like;23/02/2020 21:52:29
cropped_screenshot_212.png;teban;dislike;23/02/2020 21:52:32
cropped_screenshot_2120.png;teban;like;23/02/2020 21:52:35
cropped_screenshot_2122.png;teban;dislike;23/02/2020 21:52:38
cropped_screenshot_2123.png;teban;dislike;23/02/2020 21:52:42
cropped_screenshot_2124.png;teban;dislike;23/02/2020 21:52:44
cropped_screenshot_2125.png;teban;like;23/02/2020 21:52:47
cropped_screenshot_2126.png;teban;dislike;23/02/2020 21:52:50
cropped_screenshot_2127.png;teban;like;23/02/2020 21:52:53
cropped_screenshot_2128.png;teban;like;23/02/2020 21:52:54
cropped_screenshot_2129.png;teban;dislike;23/02/2020 21:52:57
cropped_screenshot_213.png;teban;like;23/02/2020 21:53:02
cropped_screenshot_2130.png;teban;dislike;23/02/2020 21:53:05
cropped_screenshot_2131.png;teban;like;23/02/2020 21:53:08
cropped_screenshot_2132.png;teban;like;23/02/2020 21:53:10
cropped_screenshot_2133.png;teban;like;23/02/2020 21:53:13
cropped_screenshot_2134.png;teban;like;23/02/2020 21:53:14
cropped_screenshot_2135.png;teban;like;23/02/2020 21:53:16
cropped_screenshot_2136.png;teban;dislike;23/02/2020 21:53:18
cropped_screenshot_2137.png;teban;like;23/02/2020 21:53:21
cropped_screenshot_2138.png;teban;dislike;23/02/2020 21:53:24
cropped_screenshot_2139.png;teban;like;23/02/2020 21:53:29
cropped_screenshot_214.png;teban;like;23/02/2020 21:53:30
cropped_screenshot_2140.png;teban;like;23/02/2020 21:53:31
cropped_screenshot_2141.png;teban;like;23/02/2020 21:53:33
cropped_screenshot_2142.png;teban;dislike;23/02/2020 21:53:37
cropped_screenshot_2143.png;teban;like;23/02/2020 21:53:40
cropped_screenshot_2144.png;teban;dislike;23/02/2020 21:53:43
cropped_screenshot_2145.png;teban;like;23/02/2020 21:53:54
cropped_screenshot_2146.png;teban;dislike;23/02/2020 21:53:58
cropped_screenshot_2147.png;teban;dislike;23/02/2020 21:54:06
cropped_screenshot_2148.png;teban;dislike;23/02/2020 21:54:12
cropped_screenshot_2149.png;teban;like;23/02/2020 21:54:15
cropped_screenshot_215.png;teban;dislike;23/02/2020 21:54:18
cropped_screenshot_2150.png;teban;dislike;23/02/2020 21:54:20
cropped_screenshot_2151.png;teban;like;23/02/2020 21:54:23
cropped_screenshot_2152.png;teban;dislike;23/02/2020 21:54:28
cropped_screenshot_2153.png;teban;like;23/02/2020 21:54:31
cropped_screenshot_2154.png;teban;like;23/02/2020 21:54:33
cropped_screenshot_2155.png;teban;like;23/02/2020 21:54:34
cropped_screenshot_2156.png;teban;dislike;23/02/2020 21:54:37
cropped_screenshot_2157.png;teban;dislike;23/02/2020 21:54:38
cropped_screenshot_2158.png;teban;dislike;23/02/2020 21:54:40
cropped_screenshot_2159.png;teban;dislike;23/02/2020 21:54:41
cropped_screenshot_216.png;teban;dislike;23/02/2020 21:54:43
cropped_screenshot_2160.png;teban;dislike;23/02/2020 21:54:44
cropped_screenshot_2161.png;teban;dislike;23/02/2020 21:54:50
cropped_screenshot_2162.png;teban;like;23/02/2020 21:54:53
cropped_screenshot_2163.png;teban;dislike;23/02/2020 21:54:57
cropped_screenshot_2164.png;teban;like;23/02/2020 21:55:04
cropped_screenshot_2165.png;teban;like;23/02/2020 21:55:05
cropped_screenshot_2165.png;teban;like;23/02/2020 21:55:14
cropped_screenshot_2166.png;teban;dislike;23/02/2020 21:55:18
cropped_screenshot_2167.png;teban;dislike;23/02/2020 21:55:19
cropped_screenshot_2168.png;teban;dislike;23/02/2020 21:55:21
cropped_screenshot_2169.png;teban;dislike;23/02/2020 21:55:23
cropped_screenshot_217.png;teban;like;23/02/2020 21:55:26
cropped_screenshot_2170.png;teban;like;23/02/2020 21:55:29
cropped_screenshot_2171.png;teban;like;23/02/2020 21:55:31
cropped_screenshot_2172.png;teban;like;23/02/2020 21:55:38
cropped_screenshot_2173.png;teban;like;23/02/2020 21:55:39
cropped_screenshot_2174.png;teban;dislike;23/02/2020 21:55:42
cropped_screenshot_2175.png;teban;like;23/02/2020 21:55:48
cropped_screenshot_2176.png;teban;like;23/02/2020 21:55:50
cropped_screenshot_2177.png;teban;like;23/02/2020 21:55:51
cropped_screenshot_2178.png;teban;like;23/02/2020 21:55:52
cropped_screenshot_2179.png;teban;like;23/02/2020 21:55:53
cropped_screenshot_218.png;teban;like;23/02/2020 21:55:55
cropped_screenshot_2180.png;teban;dislike;23/02/2020 21:56:00
cropped_screenshot_2181.png;teban;dislike;23/02/2020 21:56:01
cropped_screenshot_2182.png;teban;dislike;23/02/2020 21:56:05
cropped_screenshot_2183.png;teban;dislike;23/02/2020 21:56:07
cropped_screenshot_2184.png;teban;like;23/02/2020 21:56:10
cropped_screenshot_2185.png;teban;dislike;23/02/2020 21:56:13
cropped_screenshot_2186.png;teban;like;23/02/2020 21:56:16
cropped_screenshot_2187.png;teban;dislike;23/02/2020 21:56:19
cropped_screenshot_2188.png;teban;like;23/02/2020 21:56:22
cropped_screenshot_2189.png;teban;dislike;23/02/2020 21:56:26
cropped_screenshot_219.png;teban;like;23/02/2020 21:56:32
cropped_screenshot_2190.png;teban;like;23/02/2020 21:56:34
cropped_screenshot_2191.png;teban;like;23/02/2020 21:56:36
cropped_screenshot_2192.png;teban;like;23/02/2020 21:56:37
cropped_screenshot_2193.png;teban;like;23/02/2020 21:56:39
cropped_screenshot_2194.png;teban;dislike;23/02/2020 21:56:42
cropped_screenshot_2195.png;teban;dislike;23/02/2020 21:56:44
cropped_screenshot_2196.png;teban;dislike;23/02/2020 21:56:50
cropped_screenshot_2197.png;teban;dislike;23/02/2020 21:56:51
cropped_screenshot_2198.png;teban;dislike;23/02/2020 21:56:52
cropped_screenshot_2199.png;teban;dislike;23/02/2020 21:56:55
cropped_screenshot_22.png;teban;like;23/02/2020 21:56:57
cropped_screenshot_220.png;teban;like;23/02/2020 21:56:59
cropped_screenshot_2200.png;teban;dislike;23/02/2020 21:57:02
cropped_screenshot_2201.png;teban;like;23/02/2020 21:57:05
cropped_screenshot_2202.png;teban;dislike;23/02/2020 21:57:08
cropped_screenshot_2203.png;teban;like;23/02/2020 21:57:12
cropped_screenshot_2204.png;teban;like;23/02/2020 21:57:13
cropped_screenshot_2205.png;teban;dislike;23/02/2020 21:57:16
cropped_screenshot_2206.png;teban;dislike;23/02/2020 21:57:18
cropped_screenshot_2208.png;teban;dislike;23/02/2020 21:57:19
cropped_screenshot_2209.png;teban;dislike;23/02/2020 21:57:24
cropped_screenshot_221.png;teban;like;23/02/2020 21:57:33
cropped_screenshot_2210.png;teban;dislike;23/02/2020 21:57:36
cropped_screenshot_2211.png;teban;like;23/02/2020 21:57:39
cropped_screenshot_2212.png;teban;dislike;23/02/2020 21:57:43
cropped_screenshot_2213.png;teban;dislike;23/02/2020 21:57:51
cropped_screenshot_2214.png;teban;dislike;23/02/2020 21:57:53
cropped_screenshot_2215.png;teban;dislike;23/02/2020 21:57:54
cropped_screenshot_2216.png;teban;dislike;23/02/2020 21:57:55
cropped_screenshot_2217.png;teban;dislike;23/02/2020 21:57:57
